bedrijf,aangepaste_sector,woonplaats,longitude,latitude,schadekosten_2022
Tata Steel IJmuiden BV,"Industrie, Energie en Raffinaderijen",Velsen Noord,4.59216,52.47656,408378600
Esso Nederland BV (Raffinaderij Rotterdam),"Industrie, Energie en Raffinaderijen",Botlek Rotterdam,4.29626,51.87221,185702528
Shell Nederland Raffinaderij BV,"Industrie, Energie en Raffinaderijen",Vondelingenplaat Rotterdam,4.33532,51.88014,176558329
Vliegveld Luchthaven Schiphol,Verkeer en vervoer,Haarlemmermeer,4.76083,52.30833,161264591
BP Rotterdam Refinery,"Industrie, Energie en Raffinaderijen",Europoort Rotterdam,4.10780,51.94499,153678129
Nyrstar Budel BV,"Industrie, Energie en Raffinaderijen",Budel-Dorplein,5.60056,51.23816,108623303
RWE Eemshaven Holding BV,"Industrie, Energie en Raffinaderijen",Eemshaven,6.85914,53.44777,100145513
Zeeland Refinery N.V.,"Industrie, Energie en Raffinaderijen",Nieuwdorp,3.72704,51.44562,99427680
Chemelot Site Permit BV,"Industrie, Energie en Raffinaderijen",Geleen,5.79632,50.98059,71494934
Dow Benelux BV (Hoek),"Industrie, Energie en Raffinaderijen",Hoek,3.78247,51.34225,69424674
Uniper Centrale Maasvlakte,"Industrie, Energie en Raffinaderijen",Maasvlakte Rotterdam,4.02657,51.95907,57740428
RWE Generation NL B.V.,"Industrie, Energie en Raffinaderijen",Geertruidenberg,4.84388,51.70785,48084933
Shell Nederland Chemie BV (Moerdijk),"Industrie, Energie en Raffinaderijen",Moerdijk,4.56211,51.68785,45082859
YARA Sluiskil BV,"Industrie, Energie en Raffinaderijen",Sluiskil,3.85006,51.27764,42872847
Nuon Power Generation BV (Velsen),"Industrie, Energie en Raffinaderijen",Velsen Noord,4.63213,52.47276,41317968
Rockwool B.V.,"Industrie, Energie en Raffinaderijen",Roermond,6.04371,51.17062,37993943
Cabot BV,"Industrie, Energie en Raffinaderijen",Botlek Rotterdam,4.26431,51.89142,34944265
Centrale Rotterdam,"Industrie, Energie en Raffinaderijen",MAASVLAKTE ROTTERDAM,4.07205,51.94482,32003162
Ardagh Glass Dongen BV,"Industrie, Energie en Raffinaderijen",Dongen,4.99483,51.61370,28339096
Afval Energie Bedrijf (Amsterdam),"Afval, riolering, waterzuivering",Amsterdam,4.79289,52.39975,23489029
Nedmag BV,Handel/Diensten/Overheid en Bouw,Veendam,6.89665,53.11432,23110334
AVR NV (Rijnmond),"Afval, riolering, waterzuivering",Botlek Rotterdam,4.27639,51.89704,22650767
O-I Manufacturing Netherlands BV (Leerdam),"Industrie, Energie en Raffinaderijen",Leerdam,5.08588,51.88821,21017744
Attero BV (Moerdijk),"Afval, riolering, waterzuivering",Moerdijk,4.58161,51.68326,19696249
Ardagh Glass Moerdijk,"Industrie, Energie en Raffinaderijen",Moerdijk,4.59658,51.67757,18839322
O-I Manufacturing Netherlands BV (Maastricht),"Industrie, Energie en Raffinaderijen",Maastricht,5.70422,50.85899,16465106
ENGIE Energie Nederland NV (Eemscentrale),"Industrie, Energie en Raffinaderijen",Eemshaven,6.88088,53.43662,16242581
ESD-SIC BV,"Industrie, Energie en Raffinaderijen",Farmsum,6.96541,53.29720,15800866
Gunvor Petroleum Europoort B.V.,"Industrie, Energie en Raffinaderijen",Europoort Rotterdam,4.16573,51.93494,13926056
Nuon Power IJmond 1,"Industrie, Energie en Raffinaderijen",Velsen-Noord,4.60557,52.47489,13471260
Maxima-centrale,"Industrie, Energie en Raffinaderijen",Lelystad,5.53021,52.57722,12373074
HVC (Alkmaar),"Afval, riolering, waterzuivering",Alkmaar,4.76269,52.60978,12307167
Vliegveld Eindhoven,Verkeer en vervoer,Eindhoven,5.37417,51.45056,11484067
Air Liquide Pergen VOF,"Industrie, Energie en Raffinaderijen",Pernis Rotterdam,4.36752,51.88581,10771420
Sloe Centrale BV (Vlissingen),"Industrie, Energie en Raffinaderijen",Ritthem,3.69338,51.44882,10768337
Nuon Power Projects 1 BV (Eemshaven),"Industrie, Energie en Raffinaderijen",Eemshaven,6.85914,53.44777,10724564
Twence BV Boeldershoek,"Afval, riolering, waterzuivering",Hengelo,6.78419,52.23426,10156896
Cargill Benelux BV,"Industrie, Energie en Raffinaderijen",Sas Van Gent,3.80260,51.23582,9670136
Enecogen VOF,"Industrie, Energie en Raffinaderijen",EUROPOORT ROTTERDAM,4.09409,51.95838,9237506
Eneco (Lage Weide),"Industrie, Energie en Raffinaderijen",Utrecht,5.07229,52.10303,9064019
Nuon Power Generation BV (Diemen),"Industrie, Energie en Raffinaderijen",Diemen,5.02118,52.33886,8535297
RWE Generation NL B.V.,"Industrie, Energie en Raffinaderijen",Maasbracht,5.90717,51.15446,8209587
Vliegveld Lelystad,Verkeer en vervoer,Lelystad,5.52306,52.45528,7827201
Attero Noord BV,"Afval, riolering, waterzuivering",Wijster,6.51497,52.79126,7689601
Climax Molybdenum BV,"Industrie, Energie en Raffinaderijen",Botlek Rotterdam,4.24849,51.88280,7634086
Vliegveld Rotterdam-Airport,Verkeer en vervoer,Rotterdam,4.43444,51.95250,6803922
Alco Energy Rotterdam,Handel/Diensten/Overheid en Bouw,Europoort Rotterdam,4.18355,51.92638,6578278
Wienerberger Steenfabriek Zennewijnen,"Industrie, Energie en Raffinaderijen",Zennewijnen,5.41769,51.86413,6497573
Electric Glass Fiber NL BV,"Industrie, Energie en Raffinaderijen",Westerbroek,6.68020,53.17612,6352799
AVR Afvalverwerking BV (Duiven),"Afval, riolering, waterzuivering",Duiven,6.00036,51.97054,6331605
Archer Daniels Midland Europoort BV (ADM),"Industrie, Energie en Raffinaderijen",Europoort Rotterdam,4.12248,51.95597,6207939
Rijnmond Energie,"Industrie, Energie en Raffinaderijen",Vondelingenplaat Rotterdam,4.35179,51.89085,6117790
SABIC Innovative Plastics BV,"Industrie, Energie en Raffinaderijen",Bergen op Zoom,4.25585,51.51059,6060308
Delesto BV,"Industrie, Energie en Raffinaderijen",Farmsum,6.95434,53.31883,5962075
Shell Nederland Chemie BV (Pernis),"Industrie, Energie en Raffinaderijen",Vondelingenplaat Rotterdam,4.36503,51.88395,5871266
Almatis BV,"Industrie, Energie en Raffinaderijen",Botlek Rotterdam,4.23825,51.88548,5840383
Suiker Unie (Dinteloord),"Industrie, Energie en Raffinaderijen",Dinteloord,4.43437,51.61818,5666940
Saint Gobain Construction Products,"Industrie, Energie en Raffinaderijen",Etten-Leur,4.60295,51.56606,5586347
Nuon Power Generation BV (Hemweg),"Industrie, Energie en Raffinaderijen",Amsterdam,4.84710,52.40531,5466209
Vliegveld Luchthaven Eelde,Verkeer en vervoer,Groningen,6.57806,53.12056,5462988
Recycling Kombinatie Bouw- en Sloopafval Rotterdam,"Afval, riolering, waterzuivering",Vondelingenplaat Rotterdam,4.33281,51.88865,5411155
Europees Massagoed-Overslagbedrijf (Emo) B.V.,Handel/Diensten/Overheid en Bouw,Maasvlakte Rotterdam,4.04929,51.93814,5398271
SUEZ ReEnergy Roosendaal,"Afval, riolering, waterzuivering",Roosendaal,4.44361,51.54762,5284302
RWE Generation NL B.V.,"Industrie, Energie en Raffinaderijen",Moerdijk Kluntert,4.58079,51.68490,5254468
Vliegveld Luchthaven Maastricht,Verkeer en vervoer,Maastricht,5.76944,50.91250,5185331
ARN B.V.,"Afval, riolering, waterzuivering",Weurt,5.79452,51.84631,5142887
Nobian Chemicals BV (Hengelo),"Industrie, Energie en Raffinaderijen",Hengelo,6.79425,52.24674,5132651
EEW Energy from Waste Delfzijl B.V.,"Afval, riolering, waterzuivering",Farmsum,6.98764,53.30973,4972716
Vliegveld Teuge,Verkeer en vervoer,Teuge,6.04667,52.24139,4889785
Sappi Maastricht BV,"Industrie, Energie en Raffinaderijen",Maastricht,5.69424,50.85772,4748351
HVC Afvalcentrale Dordrecht,"Afval, riolering, waterzuivering",Dordrecht,4.73767,51.81542,4615187
Bunge Netherlands BV (Soja),"Industrie, Energie en Raffinaderijen",Amsterdam,4.86473,52.40161,4460770
Hexion B.V.,"Industrie, Energie en Raffinaderijen",Vondelingenplaat Rotterdam,4.34662,51.87605,4441750
Eneco Bio Golden Raand,"Industrie, Energie en Raffinaderijen",Farmsum,6.98392,53.31022,4425767
Waalsteenfabriek De Bylandt BV,"Industrie, Energie en Raffinaderijen",Tolkamer,6.07310,51.86518,4289497
Steenfabriek Engels Helden BV,"Industrie, Energie en Raffinaderijen",Panningen,5.97185,51.33355,4256705
Gouda Refractories BV,"Industrie, Energie en Raffinaderijen",Gouda,4.68996,52.01449,4146629
Rendac Son BV,"Industrie, Energie en Raffinaderijen",Son,5.44625,51.50485,4126628
Reststoffen Energie Centrale (REC),"Afval, riolering, waterzuivering",Harlingen,5.42910,53.19046,4039029
Albemarle Catalysts Company B.V.,"Industrie, Energie en Raffinaderijen",Amsterdam,4.94024,52.38460,4012379
Emmtec Services BV,"Industrie, Energie en Raffinaderijen",Emmen,6.90699,52.77500,4002649
Afvalstoffen Terminal Moerdijk BV (ATM),"Afval, riolering, waterzuivering",Moerdijk,4.59953,51.69383,3952377
Sonac Burgum BV,"Afval, riolering, waterzuivering",Sumar,5.99168,53.18099,3873817
Wienerberger Steenfabriek Kijfwaard West,"Industrie, Energie en Raffinaderijen",Pannerden,6.04211,51.87586,3794189
Parenco B.V.,"Industrie, Energie en Raffinaderijen",Renkum,5.72845,51.96997,3758631
Vliegveld Budel,Verkeer en vervoer,Kempen,5.60194,51.25639,3660541
Wienerberger Steenfabriek Erlecom,"Industrie, Energie en Raffinaderijen",Erlecom,5.96305,51.85063,3643638
Cargill BV (Multiseed),"Industrie, Energie en Raffinaderijen",Amsterdam,4.76970,52.41176,3568472
Smurfit Kappa Roermond Papier BV,"Industrie, Energie en Raffinaderijen",Roermond,6.00250,51.20616,3563825
Wienerberger Steenfabriek Poriso,"Industrie, Energie en Raffinaderijen",Brunssum,5.99171,50.94095,3548628
Vliegveld Hilversum,Verkeer en vervoer,Hilversum,5.14722,52.19250,3541105
Cabot Norit Activated Carbon (Klazienaveen),"Industrie, Energie en Raffinaderijen",Klazienaveen,6.99788,52.72846,3477721
Ertsoverslag Europoort,Handel/Diensten/Overheid en Bouw,Europoort Rotterdam,4.11389,51.96295,3394413
Vliegveld Seppe,Verkeer en vervoer,Breda,4.55250,51.55472,3239047
Stora Enso De Hoop B.V.,"Industrie, Energie en Raffinaderijen",Eerbeek,6.05477,52.09756,3234639
Steenfabriek De Vlijt BV,"Industrie, Energie en Raffinaderijen",Winterswijk,6.69075,51.96189,3152571
Vliegveld Midden Zeeland,Verkeer en vervoer,Midden-Zeeland,3.72917,51.51222,3079836
Tronox Pigments (Holland) BV,"Industrie, Energie en Raffinaderijen",Botlek Rotterdam,4.26948,51.89729,3074983
Steenfabriek De Rijswaard BV,"Industrie, Energie en Raffinaderijen",Aalst,5.14309,51.76888,3049447
Biomassacentrale Moerdijk,"Industrie, Energie en Raffinaderijen",Moerdijk,4.58161,51.68614,2983068
Aurubis Netherlands B.V.,"Industrie, Energie en Raffinaderijen",Zutphen,6.20704,52.15816,2955629
Lyondell Chemie Nederland BV,"Industrie, Energie en Raffinaderijen",Botlek Rotterdam,4.25286,51.88203,2912153
Avebe u.a. (Gasselternijveen),"Industrie, Energie en Raffinaderijen",Gasselternijveen,6.86825,52.98899,2894133
Avebe u.a. (Ter Apelkanaal),"Industrie, Energie en Raffinaderijen",Ter Apelkanaal,7.04573,52.92103,2872409
Cargill BV - Cargill Cocoa (Aurora),"Industrie, Energie en Raffinaderijen",Zaandam,4.81815,52.46406,2855465
Suiker Unie Vierverlaten,"Industrie, Energie en Raffinaderijen",Groningen,6.49511,53.21380,2833830
Nestle Nederland BV (Nunspeet),"Industrie, Energie en Raffinaderijen",Nunspeet,5.79083,52.38439,2813811
Maasstroom Energie CV,"Industrie, Energie en Raffinaderijen",Vondelingenplaat Rotterdam,4.35214,51.88984,2705969
Air Products Nederland BV (Botlek),"Industrie, Energie en Raffinaderijen",Botlek Rotterdam,4.25933,51.87895,2518572
Wienerberger Dakpanfabriek Janssen-Dings,"Industrie, Energie en Raffinaderijen",Tegelen,6.14974,51.34111,2476054
EBS Terminal Laurenshaven,Handel/Diensten/Overheid en Bouw,Botlek Rotterdam,4.27166,51.88563,2436947
Vliegveld Texel,Verkeer en vervoer,Texel,4.83361,53.11528,2355308
EemsEnergy Terminal B.V.,"Industrie, Energie en Raffinaderijen",Eemshaven,6.85294,53.44467,2297368
OBA Bulkterminal Amsterdam,Handel/Diensten/Overheid en Bouw,Amsterdam,4.82138,52.41042,2194512
EBS Terminal Europoort II,Handel/Diensten/Overheid en Bouw,Europoort Rotterdam,4.12410,51.95182,2182497
Olam Cocoa BV,"Industrie, Energie en Raffinaderijen",Koog aan de Zaan,4.80837,52.47008,2164317
Indorama Ventures Europe BV,"Industrie, Energie en Raffinaderijen",Europoort Rotterdam,4.09800,51.96093,2138460
Steenfabriek De Nijverheid BV,"Industrie, Energie en Raffinaderijen",Azewijn,6.30619,51.89898,2128060
E.On Generations Den Haag,"Industrie, Energie en Raffinaderijen",'s-Gravenhage,4.29056,52.07592,2108557
Crown van Gelder N.V.,"Industrie, Energie en Raffinaderijen",Velsen Noord,4.63641,52.46700,2041316
Uniper Centrale RoCa,"Industrie, Energie en Raffinaderijen",Rotterdam,4.56110,51.95359,2036343
FrieslandCampina Veghel (DMV International),"Industrie, Energie en Raffinaderijen",Veghel,5.52509,51.61508,1975043
Eneco Warmteproductie Utrecht B.V.,"Industrie, Energie en Raffinaderijen",Utrecht,5.07916,52.10093,1937722
Umicore Nederland BV,"Industrie, Energie en Raffinaderijen",Eijsden,5.71403,50.76823,1904033
DAF Trucks N.V.,"Industrie, Energie en Raffinaderijen",Eindhoven,5.51777,51.43154,1707838
Johnson Matthey BV,"Industrie, Energie en Raffinaderijen",Maastricht,5.71759,50.87992,1696660
Rosier Nederland B.V.,"Industrie, Energie en Raffinaderijen",Sas Van Gent,3.79978,51.22119,1685871
Vliegveld Hoogeveen,Verkeer en vervoer,Hoogeveen,6.51583,52.73083,1652419
BECC B.V.,"Industrie, Energie en Raffinaderijen",Katwijk,5.85219,51.75385,1639733
Nouryon Functional Chemicals BV,"Industrie, Energie en Raffinaderijen",Herkenbosch,6.06331,51.15683,1632335
FrieslandCampina Domo (Borculo),"Industrie, Energie en Raffinaderijen",Borculo,6.52827,52.11855,1619973
VPR Energy B.V.,"Industrie, Energie en Raffinaderijen",Europoort Rotterdam,4.21727,51.91027,1599703
Eurogen CV,"Industrie, Energie en Raffinaderijen",Botlek Rotterdam,4.25733,51.88463,1593867
DRSH Zuiveringsslib N.V.,"Afval, riolering, waterzuivering",Dordrecht,4.74067,51.81652,1553345
E.on Locatie Leiden,"Industrie, Energie en Raffinaderijen",Leiden,4.49404,52.16398,1540278
Rodruza Steenfabriek de Zandberg,"Industrie, Energie en Raffinaderijen",Gendt,5.97019,51.85736,1502422
Tate & Lyle Netherlands BV,"Industrie, Energie en Raffinaderijen",Koog aan de Zaan,4.81185,52.46475,1487752
Vloertegelfabriek Koninklijke Mosa BV,"Industrie, Energie en Raffinaderijen",Maastricht,5.70639,50.86158,1478617
Enecal Energy VOF,"Industrie, Energie en Raffinaderijen",Botlek Rotterdam,4.25414,51.88905,1460517
ESKA Graphic Board BV (Hoogezand),"Industrie, Energie en Raffinaderijen",Hoogezand,6.75082,53.16249,1432992
Botlek VCM Plant,"Industrie, Energie en Raffinaderijen",Botlek Rotterdam,4.27797,51.87111,1430213
Cabot Norit Nederland B.V.,"Industrie, Energie en Raffinaderijen",Zaandam,4.82431,52.42257,1367752
Internationale Graanoverslag Maatschappij Amsterdam BV,Handel/Diensten/Overheid en Bouw,Amsterdam,4.86337,52.40118,1328071
Lyondell Chemie Nederland B.V.,"Industrie, Energie en Raffinaderijen",Maasvlakte Rotterdam,4.01932,51.96785,1317697
Solidus Solutions (Bad Nieuweschans),"Industrie, Energie en Raffinaderijen",Bad Nieuweschans,7.20295,53.18220,1293008
Slibverwerking Noord-Brabant,"Afval, riolering, waterzuivering",Moerdijk,4.58016,51.68962,1261761
Air Liquide Nederland BV,"Industrie, Energie en Raffinaderijen",Botlek Rotterdam,4.25625,51.88525,1251783
Theo Pouw Secundaire Bouwstoffen B.V.,"Afval, riolering, waterzuivering",Eemshaven,6.83782,53.44140,1249234
Arkema BV (Rotterdam),Handel/Diensten/Overheid en Bouw,Vondelingenplaat Rotterdam,4.33576,51.88986,1244758
Wienerberger Steenfabriek Kijfwaard Oost,"Industrie, Energie en Raffinaderijen",Pannerden,6.05767,51.87410,1235362
Nobian Industrial Chemicals BV (Botlek),"Industrie, Energie en Raffinaderijen",Botlek Rotterdam,4.27863,51.87401,1223782
Agristo NV,"Industrie, Energie en Raffinaderijen",Tilburg,5.01666,51.59261,1214243
Ovet Vlissingen,Handel/Diensten/Overheid en Bouw,Nieuwdorp,3.70192,51.44589,1211548
Vaassen Flexible Packaging,"Industrie, Energie en Raffinaderijen",Vaassen,5.96858,52.28523,1198465
Ardagh Metal Packaging Netherlands BV,"Industrie, Energie en Raffinaderijen",Deventer,6.18325,52.24355,1129935
Ardagh Metal Packaging Netherlands BV,"Industrie, Energie en Raffinaderijen",Hoogeveen,6.48405,52.72737,1113976
Farm Frites BV,"Industrie, Energie en Raffinaderijen",Oudenhoorn,4.16461,51.82316,1062181
PQ Silicas BV (Winschoten),"Industrie, Energie en Raffinaderijen",Winschoten,7.04749,53.13897,1042676
CAN-PACK Netherlands B.V.,"Industrie, Energie en Raffinaderijen",Helmond,5.70350,51.44270,994996
BN International BV,"Industrie, Energie en Raffinaderijen",Huizen,5.24059,52.30293,970515
DOC Kaas (Zuivelpark),"Industrie, Energie en Raffinaderijen",Hoogeveen,6.52183,52.71368,966135
MGG Netherlands BV,"Industrie, Energie en Raffinaderijen",Tegelen,6.13759,51.33751,959911
Steenfabriek Gebroeders Klinkers BV,"Industrie, Energie en Raffinaderijen",Maastricht,5.67534,50.87835,926842
FrieslandCampina (Leeuwarden),"Industrie, Energie en Raffinaderijen",Leeuwarden,5.81891,53.19822,924615
B.V. Steenfabriek Huissenswaard,"Industrie, Energie en Raffinaderijen",Angeren,5.98454,51.91232,921860
FUJIFILM Manufacturing Europe BV,"Industrie, Energie en Raffinaderijen",Tilburg,5.01196,51.59730,861300
Emerald Kalama Chemical Rotterdam BV,"Industrie, Energie en Raffinaderijen",Botlek Rotterdam,4.26066,51.88618,849266
Sonac Vuren BV,"Industrie, Energie en Raffinaderijen",Vuren,5.09081,51.83257,848666
Sime Darby Unimills B.V.,"Industrie, Energie en Raffinaderijen",Zwijndrecht,4.64045,51.80765,845850
DSM Delft Permit BV,"Industrie, Energie en Raffinaderijen",Delft,4.34557,52.01844,836279
Cargill BV,"Industrie, Energie en Raffinaderijen",Bergen op Zoom,4.26049,51.50649,836070
PPG Industries Chemicals BV,"Industrie, Energie en Raffinaderijen",Delfzijl,6.98614,53.30291,833958
Wienerberger Steenfabriek Heteren,"Industrie, Energie en Raffinaderijen",Heteren,5.74445,51.96858,832282
Galvano Hengelo BV,"Industrie, Energie en Raffinaderijen",Hengelo,6.76716,52.24789,829092
Air Products Nederland BV (Pernis),"Industrie, Energie en Raffinaderijen",Botlek Rotterdam,4.28742,51.87000,811761
Eastman Chemical Middelburg BV,"Industrie, Energie en Raffinaderijen",Middelburg,3.64383,51.49457,803014
Aspen Oss B.V. (locatie De Geer),"Industrie, Energie en Raffinaderijen",Oss,5.55483,51.78227,776732
Promelca B.V. (Gorinchem),"Industrie, Energie en Raffinaderijen",Gorinchem,4.95418,51.82810,759647
Ennatuurlijk BV (Helmond),"Industrie, Energie en Raffinaderijen",Helmond,5.68867,51.46358,758103
ExxonMobil Chemical Holland BV (ROP van RPI),"Industrie, Energie en Raffinaderijen",Europoort Rotterdam,4.18480,51.92882,752096
Odfjell Terminals (Rotterdam) BV,Handel/Diensten/Overheid en Bouw,Botlek Rotterdam,4.31979,51.88038,745267
Aviko BV,"Industrie, Energie en Raffinaderijen",Steenderen,6.19082,52.06690,721790
Van Merksteijn International BV,"Industrie, Energie en Raffinaderijen",Almelo,6.61701,52.36611,705993
VDL Nedcar BV,"Industrie, Energie en Raffinaderijen",Born,5.83206,51.04244,702289
Afrikahaven Coal Terminal BV,Handel/Diensten/Overheid en Bouw,Amsterdam,4.74036,52.42304,701573
Vliegveld Ameland,Verkeer en vervoer,Ameland,5.68389,53.45278,688180
Rodruza Steenfabriek Rossum BV,"Industrie, Energie en Raffinaderijen",Rossum,5.34009,51.79393,674070
Chemours Netherlands BV,"Industrie, Energie en Raffinaderijen",Dordrecht,4.72730,51.81815,669973
ARKEMA Vlissingen BV,Handel/Diensten/Overheid en Bouw,Vlissingen,3.68967,51.45227,669740
Heineken Nederland BV (Zoeterwoude),"Industrie, Energie en Raffinaderijen",Zoeterwoude,4.54072,52.13775,643793
FNSteel BV,"Industrie, Energie en Raffinaderijen",Alblasserdam,4.66006,51.85877,640548
Nannoka Vulcanus Industries BV,"Industrie, Energie en Raffinaderijen",Doetinchem,6.25626,51.98433,638583
Simadan,"Industrie, Energie en Raffinaderijen",Amsterdam,4.81052,52.39743,633259
Kleiwarenfabriek Joosten Kessel BV,"Industrie, Energie en Raffinaderijen",Kessel,6.01227,51.27200,630365
McCain Foods Holland BV (Lelystad),"Industrie, Energie en Raffinaderijen",Lelystad,5.52619,52.54087,620081
Monier BV (Tegelen),"Industrie, Energie en Raffinaderijen",Tegelen,6.14046,51.33733,614062
A. Jansen B.V.,"Afval, riolering, waterzuivering",Son,5.44562,51.50225,613282
Nouryon Functional Chemicals BV (CMC),"Industrie, Energie en Raffinaderijen",Arnhem,5.94013,51.96512,599251
ESKA Graphic Board BV (Sappemeer),"Industrie, Energie en Raffinaderijen",Sappemeer,6.80613,53.16194,591729
E-max Remelt,"Industrie, Energie en Raffinaderijen",Kerkrade,6.03852,50.87809,570448
Vliegveld Oostwold,Verkeer en vervoer,Oostwold,7.04111,53.20806,563668
Dynea,"Industrie, Energie en Raffinaderijen",Farmsum,6.96468,53.31670,563205
Aspen Oss B.V. (locatie Moleneind),"Industrie, Energie en Raffinaderijen",Oss,5.53213,51.76375,551678
Wienerberger Steenfabriek Schipperswaard,"Industrie, Energie en Raffinaderijen",Echteld,5.47800,51.89197,542303
Wienerberger Dakpannenfabriek Narvik Tegelen,"Industrie, Energie en Raffinaderijen",Tegelen,6.15518,51.33731,541073
Sapa Profiles NL BV (Drunen),"Industrie, Energie en Raffinaderijen",Drunen,5.15146,51.69204,537107
KH Dairy Sourcing BV,"Industrie, Energie en Raffinaderijen",Coevorden,6.83713,52.65917,531968
RWZI Hengelo,"Afval, riolering, waterzuivering",Hengelo,6.77135,52.27896,530905
GMB Slibverwerking Zutphen BV,"Afval, riolering, waterzuivering",Zutphen,6.19530,52.16057,528914
Monier BV (Woerden),"Industrie, Energie en Raffinaderijen",Woerden,4.87072,52.08528,527896
Gieterij Doesburg BV,"Industrie, Energie en Raffinaderijen",Doesburg,6.13166,52.00963,518602
Klesch Aluminium Delfzijl,"Industrie, Energie en Raffinaderijen",Farmsum,6.97859,53.31256,516255
FrieslandCampina Domo (Beilen),"Industrie, Energie en Raffinaderijen",Beilen,6.52000,52.85556,507355
BV Steenfabriek Hedikhuizen,"Industrie, Energie en Raffinaderijen",Heusden,5.20718,51.73724,507145
Zalco B.V.,"Industrie, Energie en Raffinaderijen",Vlissingen,3.70297,51.45870,488006
Zeolyst CV,"Industrie, Energie en Raffinaderijen",Farmsum,6.98716,53.30743,455681
Wienerberger Steenfabriek Haaften,"Industrie, Energie en Raffinaderijen",Haaften,5.18996,51.81840,453134
Wienerberger Steenfabriek Thorn,"Industrie, Energie en Raffinaderijen",Thorn,5.86133,51.15684,450690
Everris International BV,"Industrie, Energie en Raffinaderijen",Heerlen,5.99842,50.85346,438286
Steenfabriek Engels Oeffelt BV,"Industrie, Energie en Raffinaderijen",Oeffelt,5.91288,51.68840,428493
Stichting AL-terrein,Handel/Diensten/Overheid en Bouw,Bilthoven,5.18849,52.11815,425302
ExxonMobil Chemical Holland BV (RPP van RPI),"Industrie, Energie en Raffinaderijen",Botlek Rotterdam,4.28821,51.88189,422033
Veolia Industriediensten BV,Handel/Diensten/Overheid en Bouw,Arnhem,5.94187,51.96647,419825
GMB Slibverwerking Tiel BV,"Afval, riolering, waterzuivering",Tiel,5.43424,51.91717,419105
Synbra Technology BV,"Industrie, Energie en Raffinaderijen",Etten-Leur,4.63660,51.62603,417310
Green Box Computing B.V.,Handel/Diensten/Overheid en Bouw,Eemshaven,6.85984,53.42495,411801
Sonneborn Refined Products BV (Amsterdam),"Industrie, Energie en Raffinaderijen",Amsterdam,4.82683,52.39374,400207
Sibelco Winterswijk,Handel/Diensten/Overheid en Bouw,Winterswijk,6.77691,51.96711,395918
Gasunie Vilsteren/Ommen,"Industrie, Energie en Raffinaderijen",Vilsteren,6.36076,52.49436,378903
Amsterdam Coal Processing (ACP Rietlanden),Handel/Diensten/Overheid en Bouw,Amsterdam,4.82265,52.40999,373517
RWZI Amersfoort,"Afval, riolering, waterzuivering",Amersfoort,5.34862,52.17421,372813
Gasunie (Wieringermeer),"Industrie, Energie en Raffinaderijen",Middenmeer,5.05019,52.75977,368370
Wienerberger Steenfabriek Bemmel,"Industrie, Energie en Raffinaderijen",Haalderen,5.91548,51.87677,367357
Seasun BV,Landbouw,Kapelle,3.95018,51.46002,367333
Ovet Terminal Massagoedhaven-Terneuzen,Handel/Diensten/Overheid en Bouw,Terneuzen,3.83451,51.31339,365752
RWZI Tilburg-Noord,"Afval, riolering, waterzuivering",Tilburg,5.06821,51.60196,362511
RWZI Garmerwolde,"Afval, riolering, waterzuivering",Garmerwolde,6.67183,53.24830,354307
RWZI Beverwijk,"Afval, riolering, waterzuivering",Beverwijk,4.66859,52.47422,350037
Kleiwarenfabriek Façade Beek BV,"Industrie, Energie en Raffinaderijen",Beek,5.78530,50.94328,344157
Niacet B.V.,"Industrie, Energie en Raffinaderijen",Tiel,5.41582,51.88337,341600
Wienerberger Dakpannenfabriek Narvik Deest,"Industrie, Energie en Raffinaderijen",Deest,5.67498,51.89105,332980
Zavin C.V.,"Afval, riolering, waterzuivering",Dordrecht,4.73749,51.81587,329451
Schur Flexible Benelux BV,"Industrie, Energie en Raffinaderijen",Leek,6.39046,53.16245,325925
Croda,"Industrie, Energie en Raffinaderijen",Gouda,4.70853,52.00491,325461
Leo Hoogweg BV,Landbouw,Luttelgeest,5.87513,52.74287,323379
RWZI Weurt-Nijmegen,"Afval, riolering, waterzuivering",Weurt,5.79644,51.84849,319477
RWZI Rotterdam-Dokhaven,"Afval, riolering, waterzuivering",Rotterdam,4.46468,51.89604,315797
Graniet Import Benelux BV,Handel/Diensten/Overheid en Bouw,Amsterdam,4.78320,52.40754,314783
RWZI Nieuwveer,"Afval, riolering, waterzuivering",Breda,4.70793,51.63017,314197
Ecofuels BV,"Industrie, Energie en Raffinaderijen",Well,6.13978,51.56049,307567
Trespa International BV,"Industrie, Energie en Raffinaderijen",Weert,5.65156,51.24084,307487
RWZI Apeldoorn,"Afval, riolering, waterzuivering",Apeldoorn,5.97143,52.23869,307410
Neste Oil Netherlands B.V.,"Industrie, Energie en Raffinaderijen",Maasvlakte Rotterdam,4.04280,51.96701,306471
Wienerberger Steenfabriek de Wolfswaard,"Industrie, Energie en Raffinaderijen",Opheusden,5.65674,51.95101,306463
Biopetrol Rotterdam BV,"Industrie, Energie en Raffinaderijen",Botlek Rotterdam,4.30061,51.88424,304882
Teijin Aramid BV,"Industrie, Energie en Raffinaderijen",Farmsum,6.94496,53.31740,302201
Rademakers Gieterij BV,"Industrie, Energie en Raffinaderijen",Klazienaveen,6.96720,52.71943,300770
FrieslandCampina Bedum,"Industrie, Energie en Raffinaderijen",Bedum,6.59806,53.30908,299432
Loders Croklaan B.V.,"Industrie, Energie en Raffinaderijen",Wormerveer,4.81012,52.48478,298318
Exploitatiemaatschappij Phoenix BV,"Industrie, Energie en Raffinaderijen",Scharsterbrug,5.77996,52.94648,297771
Synthos Breda B.V.,"Industrie, Energie en Raffinaderijen",Breda,4.76153,51.61007,288232
Smurfit Kappa Solid Board Coevorden,"Industrie, Energie en Raffinaderijen",Coevorden,6.73808,52.65754,272657
Staalstraal Brabant BV,"Industrie, Energie en Raffinaderijen",Oosterhout,4.85701,51.66645,265561
Abbott Laboratories B.V.,"Industrie, Energie en Raffinaderijen",Zwolle,6.07226,52.51708,263102
Vliegveld Drachten,Verkeer en vervoer,Drachten,6.12833,53.11806,253943
Goglio North Europe BV,"Industrie, Energie en Raffinaderijen",Zaandam,4.81169,52.44412,251667
FrieslandCampina Workum,"Industrie, Energie en Raffinaderijen",Workum,5.45568,52.97370,249356
Stinoil Holding B.V.,"Industrie, Energie en Raffinaderijen",Veendam,6.89185,53.09897,248580
Diffutherm BV,"Industrie, Energie en Raffinaderijen",Hapert,5.27367,51.35811,245438
Solvay Chemie BV,"Industrie, Energie en Raffinaderijen",Herten,5.95747,51.16667,239469
Keppel Verolme BV,"Industrie, Energie en Raffinaderijen",Botlek Rotterdam,4.29403,51.89168,238893
"Eneco Solar, Bio & Hydro BV, WKC Ypenburg","Industrie, Energie en Raffinaderijen",'s-Gravenhage,4.37342,52.05680,236878
BASF Nederland BV Catalysts,"Industrie, Energie en Raffinaderijen",De Meern,5.05391,52.07471,235469
Vink Afvalverwerking BV,"Afval, riolering, waterzuivering",Esveld,5.62030,52.16536,234269
RMD BV,Handel/Diensten/Overheid en Bouw,Farmsum,6.97565,53.30568,229958
Ashland Industries Nederland B.V.,"Industrie, Energie en Raffinaderijen",Zwijndrecht,4.61945,51.80617,229249
Wavin Diensten BV,"Industrie, Energie en Raffinaderijen",Hardenberg,6.62616,52.56708,229031
PQ Silicas BV (Eijsden),"Industrie, Energie en Raffinaderijen",Eijsden,5.71310,50.76989,228228
FrieslandCampina Butter (Lochem),"Industrie, Energie en Raffinaderijen",Lochem,6.42640,52.16444,227127
PURAC Biochem BV,"Industrie, Energie en Raffinaderijen",Gorinchem,4.98785,51.84350,225071
Steenindustrie Strating BV,"Industrie, Energie en Raffinaderijen",Oude Pekela,6.98819,53.09125,223279
Scania Production Zwolle BV,"Industrie, Energie en Raffinaderijen",Zwolle,6.06483,52.51310,221728
RWZI Bath,"Afval, riolering, waterzuivering",Rilland Bath,4.24662,51.39942,221357
Empyro B.V.,"Afval, riolering, waterzuivering",Enschede,6.79014,52.24615,221025
Wienerberger Steenfabriek Nuance,"Industrie, Energie en Raffinaderijen",Afferden,6.02605,51.62222,220906
Cargill BV - Cargill Cocoa (Eenhoorn-Mol),"Industrie, Energie en Raffinaderijen",Wormer,4.79571,52.49664,219849
Allnex Netherlands B.V.,"Industrie, Energie en Raffinaderijen",Bergen op Zoom,4.26728,51.50601,219088
Vliegveld de Kooy,Verkeer en vervoer,de Kooy,4.78278,52.92250,215731
RWZI Zwolle,"Afval, riolering, waterzuivering",Zwolle,6.04934,52.50872,214878
Damen Shiprepair Rotterdam,"Industrie, Energie en Raffinaderijen",Schiedam,4.37729,51.90366,211455
Papierfabriek Doetinchem BV,"Industrie, Energie en Raffinaderijen",Doetinchem,6.29290,51.96024,210285
Koninklijke Mosa BV Wandtegelfabriek,"Industrie, Energie en Raffinaderijen",Maastricht,5.70602,50.85724,206873
SCA Tissue Nederland BV,"Industrie, Energie en Raffinaderijen",Katwijk,5.85786,51.75156,206671
RWZI Susteren,"Afval, riolering, waterzuivering",Susteren,5.83359,51.06257,205740
FMC Chemicals Netherlands BV,"Industrie, Energie en Raffinaderijen",Farmsum,6.96656,53.31157,204406
Dishman Netherlands B.V.,Handel/Diensten/Overheid en Bouw,Veenendaal,5.55988,52.02921,201569
Groot Zevert Vergisting,Landbouw,Beltrum,6.59765,52.07461,200284
ICL-IP Terneuzen BV,"Industrie, Energie en Raffinaderijen",Terneuzen,3.83663,51.30025,199853
Forbo Flooring BV,"Industrie, Energie en Raffinaderijen",Assendelft,4.76691,52.48818,199783
Basell Benelux BV,"Industrie, Energie en Raffinaderijen",Zevenbergen,4.57398,51.66841,199464
RWZI Nieuwgraaf,"Afval, riolering, waterzuivering",Duiven,6.00255,51.97245,197265
Alblasserdam Yachtbuilding B.V. (Oceanco),"Industrie, Energie en Raffinaderijen",Alblasserdam,4.65611,51.86000,195675
RWZI Nieuwegein,"Afval, riolering, waterzuivering",Nieuwegein,5.07054,52.00392,187780
AWZI Kralingseveer,"Afval, riolering, waterzuivering",Capelle aan den IJssel,4.54194,51.90856,185673
Cargill B.V.,"Industrie, Energie en Raffinaderijen",Botlek Rotterdam,4.28321,51.88171,182460
Greif Nederland BV,"Industrie, Energie en Raffinaderijen",Europoort Rotterdam,4.21959,51.90606,179993
Stadsverwarming Purmerend HWC1,"Industrie, Energie en Raffinaderijen",Purmerend,4.96666,52.50120,173521
Gasunie LNG,"Industrie, Energie en Raffinaderijen",Maasvlakte Rotterdam,4.06742,51.94435,171204
Lyempf Kampen BV,"Industrie, Energie en Raffinaderijen",Kampen,5.92606,52.54940,170377
Rixona BV (Warffum),"Industrie, Energie en Raffinaderijen",Warffum,6.52601,53.39455,168879
Dow Benelux BV (Delfzijl),"Industrie, Energie en Raffinaderijen",Delfzijl,6.95803,53.30959,166827
RWZI Elburg,"Afval, riolering, waterzuivering",Elburg,5.83394,52.45811,164580
Vlisco Helmond BV,"Industrie, Energie en Raffinaderijen",Helmond,5.65565,51.47534,163007
AWZI Tollebeek,"Afval, riolering, waterzuivering",Tollebeek,5.68742,52.68685,161798
Havenbedrijf de Rietlanden BV,Handel/Diensten/Overheid en Bouw,Amsterdam,4.86991,52.40750,157890
RWZI Venlo,"Afval, riolering, waterzuivering",Venlo,6.15814,51.38146,155885
Unilever Nederland BV,"Industrie, Energie en Raffinaderijen",Oss,5.53496,51.76499,155548
RWZI Emmen,"Afval, riolering, waterzuivering",Emmen,6.88136,52.73117,154619
FrieslandCampina Kievit (Meppel),"Industrie, Energie en Raffinaderijen",Meppel,6.17409,52.69182,154160
Solidpack BV,"Industrie, Energie en Raffinaderijen",Loenen,6.04296,52.13088,153499
Mars Nederland BV,"Industrie, Energie en Raffinaderijen",Veghel,5.51829,51.61293,148206
Ten Cate Protect BV afd Protective Fabrics,"Industrie, Energie en Raffinaderijen",Nijverdal,6.47084,52.36933,147972
Janssen Biologics BV,"Industrie, Energie en Raffinaderijen",Leiden,4.45499,52.16720,146698
Unipol Holland BV,"Industrie, Energie en Raffinaderijen",Oss,5.55113,51.78266,144302
RWZI Ede,"Afval, riolering, waterzuivering",Ede,5.62116,52.04042,144132
Damen Shiprepair Harlingen BV,"Industrie, Energie en Raffinaderijen",Harlingen,5.43008,53.18983,142455
RWZI Haarlem-Waarderpolder,"Afval, riolering, waterzuivering",Haarlem,4.66875,52.39656,137162
Steenfabriek Nievelsteen BV,Handel/Diensten/Overheid en Bouw,Eygelshoven,6.07295,50.89295,135039
Steenfabriek Linssen BV,"Industrie, Energie en Raffinaderijen",Kerkrade,6.01940,50.85388,133917
Steenfabriek Vogelensangh BV,"Industrie, Energie en Raffinaderijen",Deest,5.67512,51.89012,133701
DIS BV,"Industrie, Energie en Raffinaderijen",Sittard,5.87296,51.01524,133417
Intern. Flav. & Fragranc. I.F.F. BV,"Industrie, Energie en Raffinaderijen",Tilburg,5.04768,51.58459,130490
Ducor Petrochemicals B.V.,"Industrie, Energie en Raffinaderijen",Botlek Rotterdam,4.24411,51.88989,129943
RWZI Walcheren,"Afval, riolering, waterzuivering",Ritthem,3.61452,51.44364,126345
Olenex Edible Oils B.V.,"Industrie, Energie en Raffinaderijen",Vondelingenplaat Rotterdam,4.32879,51.88553,118605
RWZI Arnhem-Zuid,"Afval, riolering, waterzuivering",Arnhem,5.85477,51.96727,118421
W A Sanders Papierfabriek Coldenhove BV,"Industrie, Energie en Raffinaderijen",Eerbeek,6.05559,52.09665,117232
BYK Netherlands B.V.,"Industrie, Energie en Raffinaderijen",Deventer,6.20235,52.24185,115715
Nouryon Functional Chemicals,"Industrie, Energie en Raffinaderijen",Deventer,6.17122,52.24065,114949
Drukkerij Zwart,"Industrie, Energie en Raffinaderijen",Amersfoort,5.36623,52.16515,112888
Huhtamaki Nederland BV,"Industrie, Energie en Raffinaderijen",Franeker,5.54172,53.18228,112569
Abbott Healthcare Products BV,"Industrie, Energie en Raffinaderijen",Weesp,5.03445,52.30348,110145
RWZI Roermond,"Afval, riolering, waterzuivering",Roermond,5.98885,51.21930,109087
RWZI Harderwijk,"Afval, riolering, waterzuivering",Harderwijk,5.63110,52.35778,108169
IOI - Loders Croklaan Oils B.V.,"Industrie, Energie en Raffinaderijen",Maasvlakte Rotterdam,4.02511,51.96842,107880
Delrin Netherlands B.V.,"Industrie, Energie en Raffinaderijen",Dordrecht,4.72339,51.81795,106323
Hochwald Nederland BV,"Industrie, Energie en Raffinaderijen",Bolsward,5.51146,53.06118,105658
Componenta BV (Hoensbroek),"Industrie, Energie en Raffinaderijen",Hoensbroek,5.94052,50.90741,101458
Mayr-Melnhof Eerbeek BV,"Industrie, Energie en Raffinaderijen",Eerbeek,6.06343,52.10389,101135
WEPA Nederland B.V.,"Industrie, Energie en Raffinaderijen",Swalmen,6.03060,51.23277,100599
Gasunie (Spijk),"Industrie, Energie en Raffinaderijen",Spijk,6.86982,53.41165,99668
Gasunie (Ravenstein),"Industrie, Energie en Raffinaderijen",Huisseling,5.66150,51.78253,99176
RWZI Tiel,"Afval, riolering, waterzuivering",Tiel,5.43222,51.91727,96945
BASF Nederland B.V. (Nijehaske),"Industrie, Energie en Raffinaderijen",Nijehaske,5.88958,52.96970,96177
Mead Johnson BV,"Industrie, Energie en Raffinaderijen",Nijmegen,5.80817,51.84371,95783
KBM Master Alloys BV (Delfzijl),"Industrie, Energie en Raffinaderijen",Delfzijl,6.97433,53.30398,95744
Solidus Solutions Board B.V. (Hoogkerk),"Industrie, Energie en Raffinaderijen",Groningen,6.50766,53.21353,94560
RWZI Deventer,"Afval, riolering, waterzuivering",Deventer,6.12880,52.27119,94192
RWZI Etten,"Afval, riolering, waterzuivering",Terborg,6.32051,51.93269,93453
RWZI Horstermeer,"Afval, riolering, waterzuivering",Nederhorst den Berg,5.08566,52.25803,93390
RWZI Dongemond,"Afval, riolering, waterzuivering",Oosterhout,4.85123,51.67457,92035
Damen Schelde Naval Shipbuilding B.V. en Scheldepoort B.V,"Industrie, Energie en Raffinaderijen",Ritthem,3.67179,51.46140,91924
SACHEM Europe BV,"Industrie, Energie en Raffinaderijen",Zaltbommel,5.26326,51.79810,91067
Alblasserdam Yachtbuilding Construction B.V.,"Industrie, Energie en Raffinaderijen",Zwijndrecht,4.61939,51.80917,91025
Scheepswerf K.S.G.,"Industrie, Energie en Raffinaderijen",Vlissingen,3.57751,51.44558,90372
Nederlof Scheepsbouw BV,"Industrie, Energie en Raffinaderijen",Geertruidenberg,4.86146,51.70755,89735
Wilmar Oleochemicals BV,Handel/Diensten/Overheid en Bouw,BOTLEK ROTTERDAM,4.25733,51.88463,89685
RWZI Leeuwarden,"Afval, riolering, waterzuivering",Leeuwarden,5.82860,53.19504,89245
NV Nutricia Zoetermeer,"Industrie, Energie en Raffinaderijen",Zoetermeer,4.49505,52.04753,88512
FrieslandCampina Cheese (Gerkesklooster),"Industrie, Energie en Raffinaderijen",Gerkesklooster,6.20050,53.23847,87732
RWZI Zaandam-Oost,"Afval, riolering, waterzuivering",Zaandam,4.85824,52.43009,87516
FrieslandCampina Cheese Marum,"Industrie, Energie en Raffinaderijen",Marum,6.25396,53.14060,86462
Scheepswerf Hoebee,"Industrie, Energie en Raffinaderijen",Dordrecht,4.68886,51.81838,86407
PQ Silicas BV (Maastricht),"Industrie, Energie en Raffinaderijen",Maastricht,5.70448,50.88178,86391
Invista Nederland BV (Rozenburg),"Industrie, Energie en Raffinaderijen",Botlek Rotterdam,4.25563,51.88763,86145
ICL Fertilizers Europe CV,"Industrie, Energie en Raffinaderijen",Amsterdam,4.87346,52.40545,85625
Scania Production Meppel BV,"Industrie, Energie en Raffinaderijen",Meppel,6.17813,52.69449,85412
DSM Resins BV,"Industrie, Energie en Raffinaderijen",Hoek Van Holland,4.15303,51.96476,84532
CONO Kaasmakers (Middenbeemster),"Industrie, Energie en Raffinaderijen",Westbeemster,4.87436,52.55675,84379
Aliancys Nederland B.V.,"Industrie, Energie en Raffinaderijen",Zandpol,6.86895,52.68968,83068
Nuon WKC Almere,"Industrie, Energie en Raffinaderijen",Almere,5.21568,52.38832,78668
RWZI Weert,"Afval, riolering, waterzuivering",Weert,5.73656,51.26652,78478
Grolsche Bierbrouwerij Nederland BV,"Industrie, Energie en Raffinaderijen",Enschede,6.81553,52.20671,78142
RWZI Maastricht-Limmel,"Afval, riolering, waterzuivering",Maastricht,5.70276,50.87230,77956
Schut Flexible Packaging,"Industrie, Energie en Raffinaderijen",Etten-Leur,4.62248,51.56735,75373
Nefit Industrial BV,"Industrie, Energie en Raffinaderijen",Deventer,6.17860,52.24375,74786
RWZI Amstelveen,"Afval, riolering, waterzuivering",Amstelveen,4.88954,52.31231,74113
Offshore Ruijtenberg BV,"Industrie, Energie en Raffinaderijen",Raamsdonksveer,4.86933,51.70093,73422
Bavaria NV,"Industrie, Energie en Raffinaderijen",Lieshout,5.60185,51.51456,72945
DOC Kaas (Zuivelfabriek),"Industrie, Energie en Raffinaderijen",Hoogeveen,6.47624,52.70831,70408
E.on Schenkkade,"Industrie, Energie en Raffinaderijen",Den Haag,4.33375,52.07636,69916
TU Delft Warmtekrachtcentrale,Handel/Diensten/Overheid en Bouw,Delft,4.36930,51.99977,69632
Ennatuurlijk (Tilburg),"Industrie, Energie en Raffinaderijen",Tilburg,5.01997,51.59164,68181
FrieslandCampina Born,"Industrie, Energie en Raffinaderijen",Born,5.82363,51.05659,67555
"Eneco Solar, Bio & Hydro / HWC Ypenburg","Industrie, Energie en Raffinaderijen",'s-Gravenhage,4.35941,52.04316,67312
Afvalstoffendienst gemeente 's-Hertogenbosch,"Afval, riolering, waterzuivering",Den Bosch,5.27738,51.73190,66764
Standic BV,Handel/Diensten/Overheid en Bouw,Dordrecht,4.63353,51.78783,65700
Gasunie (Beverwijk),"Industrie, Energie en Raffinaderijen",Heemskerk,4.70006,52.48784,64969
Greenergy Biofuels Amsterdam B.V.,Handel/Diensten/Overheid en Bouw,Amsterdam,4.77277,52.39885,64335
FrieslandCampina Lutjewinkel,"Industrie, Energie en Raffinaderijen",Lutjewinkel,4.88200,52.76434,63769
RWZI Veenendaal,"Afval, riolering, waterzuivering",Overberg,5.52275,52.03825,63583
Vetsmelterij C.M. Bosland BV,"Industrie, Energie en Raffinaderijen",Almere,5.25582,52.41246,63075
Tata Steel Nederland Tubes BV (Oosterhout),"Industrie, Energie en Raffinaderijen",Oosterhout,4.88898,51.62470,62013
Loparex BV,"Industrie, Energie en Raffinaderijen",Apeldoorn,5.94367,52.19117,60163
RWZI Assen,"Afval, riolering, waterzuivering",Assen,6.57467,53.00141,59826
IHC Offshore & Marine B.V.,"Industrie, Energie en Raffinaderijen",Krimpen aan den IJssel,4.57310,51.90624,59621
RWZI Leiden Zuid-West,"Afval, riolering, waterzuivering",Leiden,4.47403,52.13648,59611
Teijin Aramid BV (Emmen),"Industrie, Energie en Raffinaderijen",Emmen,6.90699,52.77500,59233
RWZI Land van Cuijk,"Afval, riolering, waterzuivering",Haps,5.89348,51.69624,58745
RWZI Scheemda,"Afval, riolering, waterzuivering",Scheemda,7.00811,53.16449,58612
DSM Engineering Plastics (Emmen) BV,"Industrie, Energie en Raffinaderijen",Emmen,6.90699,52.77500,58603
RWZI Den Helder,"Afval, riolering, waterzuivering",Den Helder,4.79010,52.92880,57501
Elementis Specialties Netherlands B.V.,"Industrie, Energie en Raffinaderijen",Delden,6.67903,52.25704,57180
Linde Gas Benelux BV,"Industrie, Energie en Raffinaderijen",Velsen Noord,4.60405,52.48447,56012
RWZI Terneuzen,"Afval, riolering, waterzuivering",Terneuzen,3.83838,51.29641,55766
RWZI Renkum,"Afval, riolering, waterzuivering",Renkum,5.72479,51.96684,55766
Arla Foods BV,"Industrie, Energie en Raffinaderijen",Nijkerk,5.47855,52.23660,55240
RWZI Willem Annapolder,"Afval, riolering, waterzuivering",Kapelle,3.93449,51.45009,54766
Sonac Eindhoven BV,"Industrie, Energie en Raffinaderijen",Eindhoven,5.44760,51.43025,54432
Romi Smilfood BV (Heerenveen),"Industrie, Energie en Raffinaderijen",Heerenveen,5.95234,52.93123,54403
Ennatuurlijk B.V. (Eindhoven),"Industrie, Energie en Raffinaderijen",Eindhoven,5.45407,51.44927,54251
Givaudan Nederland BV (Barneveld),"Industrie, Energie en Raffinaderijen",Barneveld,5.57722,52.16715,54194
Delfluent Services BV,"Afval, riolering, waterzuivering",Den Hoorn,4.31888,52.01541,53428
DSM NeoResins B.V.,"Industrie, Energie en Raffinaderijen",Waalwijk,5.05425,51.69667,52588
Remia CV,"Industrie, Energie en Raffinaderijen",Den Dolder,5.23821,52.13998,52206
AFP Holland BV,"Industrie, Energie en Raffinaderijen",Apeldoorn,5.93977,52.19084,52124
Brabant Alucast International,"Industrie, Energie en Raffinaderijen",Oss,5.55095,51.78380,50463
COATEX Netherlands BV,"Industrie, Energie en Raffinaderijen",Moerdijk,4.58416,51.68962,49781
RWZI Holten,"Afval, riolering, waterzuivering",Holten,6.41213,52.24330,49612
Noblesse Proteins BV,"Industrie, Energie en Raffinaderijen",Wijster,6.50580,52.78784,49171
RWZI Drachten,"Afval, riolering, waterzuivering",Drachten,6.05984,53.11268,48899
Groen Gas Gelderland B.V.,"Industrie, Energie en Raffinaderijen",Bemmel,5.91270,51.91809,48898
Vrumona BV,"Industrie, Energie en Raffinaderijen",Bunnik,5.20055,52.06245,48824
Invista Polyester BV,"Industrie, Energie en Raffinaderijen",Vlissingen Oost,3.55149,51.48436,47478
Scheepswerf Kooiman BV,"Industrie, Energie en Raffinaderijen",Zwijndrecht,4.61232,51.81197,46981
Scheepswerf en machinefabriek 't Ambacht,"Industrie, Energie en Raffinaderijen",Hendrik-Ido-Ambacht,4.65313,51.85263,46223
Hexion VAD B.V.,"Industrie, Energie en Raffinaderijen",Vondelingenplaat Rotterdam,4.35388,51.88340,46153
SPGPrints,"Industrie, Energie en Raffinaderijen",Boxmeer,5.94265,51.63928,46021
RWZI Leiden Noord,"Afval, riolering, waterzuivering",Leiden,4.49405,52.17439,45849
RWZI Alkmaar,"Afval, riolering, waterzuivering",Alkmaar,4.74111,52.64234,45836
Hyproca Dairy BV,"Industrie, Energie en Raffinaderijen",Ommen,6.42194,52.50720,45326
RWZI Velsen,"Afval, riolering, waterzuivering",Velsen Zuid,4.65971,52.45946,44916
GDF SUEZ Centrale Bergum,"Industrie, Energie en Raffinaderijen",Bergum,6.02977,53.20955,43658
RWZI Veendam,"Afval, riolering, waterzuivering",Veendam,6.90054,53.10406,43265
RWZI Venray,"Afval, riolering, waterzuivering",Venray,5.98862,51.55103,42706
Inter-Che-M BV,"Afval, riolering, waterzuivering",Beuningen,5.73082,51.85519,42160
UZIMET BV,"Industrie, Energie en Raffinaderijen",Rijswijk,4.34758,52.03405,40496
DCC Maastricht B.V.,"Industrie, Energie en Raffinaderijen",Maastricht,5.68016,50.86545,38469
Caldic Chemie BV,Handel/Diensten/Overheid en Bouw,Europoort Rotterdam,4.18000,51.92840,37780
Huntsman Holland BV,"Industrie, Energie en Raffinaderijen",Botlek Rotterdam,4.24920,51.88901,37554
RWZI Boxtel,"Afval, riolering, waterzuivering",Boxtel,5.32801,51.60867,37337
FrieslandCampina Cheese Steenderen,"Industrie, Energie en Raffinaderijen",Steenderen,6.19691,52.05909,37098
RWZI Wijlre,"Afval, riolering, waterzuivering",Wijlre,5.89661,50.82687,36738
RWZI Dronten,"Afval, riolering, waterzuivering",Dronten,5.71735,52.53669,36511
RWZI Heiloo,"Afval, riolering, waterzuivering",Heiloo,4.72161,52.59460,36261
Technoplating Lelystad B.V.,"Industrie, Energie en Raffinaderijen",Lelystad,5.44542,52.49762,36197
Energiecoöperatie Greenhouse Energy,"Industrie, Energie en Raffinaderijen",Bemmel,5.91757,51.91543,35906
Meneba Meel BV,"Industrie, Energie en Raffinaderijen",Rotterdam,4.48065,51.89462,35700
Kemira Rotterdam BV,"Industrie, Energie en Raffinaderijen",Botlek Rotterdam,4.26606,51.89474,35626
Celanese Emulsions BV,"Industrie, Energie en Raffinaderijen",Geleen,5.79834,50.95276,34839
Hilton Meats Zaandam B.V.,Handel/Diensten/Overheid en Bouw,Zaandam,4.80108,52.42694,34644
Heiploeg International BV,Handel/Diensten/Overheid en Bouw,Zoutkamp,6.30161,53.34551,34611
FrieslandCampina Maasdam,"Industrie, Energie en Raffinaderijen",Maasdam,4.54725,51.79039,34602
Dr. W. Kolb Nederland BV,"Industrie, Energie en Raffinaderijen",Klundert,4.55917,51.67302,34376
Ten Cate Technical Fabrics BV (PC Stamstraat),"Industrie, Energie en Raffinaderijen",Nijverdal,6.47903,52.35595,33098
Trobas Gelatine BV,"Industrie, Energie en Raffinaderijen",Dongen,4.92125,51.61791,31382
Ondergrondse aardgasopslag Zuidwending,"Industrie, Energie en Raffinaderijen",Veendam,6.93305,53.08320,30935
AMC Academisch Medisch Centrum,Handel/Diensten/Overheid en Bouw,Amsterdam,4.95790,52.29501,30895
RWZI 's-Hertogenbosch,"Afval, riolering, waterzuivering",Den Bosch,5.28345,51.72100,30367
Nutricia Cuijk BV,"Industrie, Energie en Raffinaderijen",Cuijk,5.88796,51.72357,29982
De Gerlien van Tiem B.V.,"Industrie, Energie en Raffinaderijen",Druten,5.60192,51.89607,29515
Holland Malt (Bavaria),"Industrie, Energie en Raffinaderijen",Eemshaven,6.82125,53.45519,28994
Veka Shipyard Lemmer B.V.,"Industrie, Energie en Raffinaderijen",Lemmer,5.71669,52.84242,28341
Steenbakkerij Randwijk BV,"Industrie, Energie en Raffinaderijen",Heteren,5.72988,51.96583,28079
Eneco (Nieuwegein),"Industrie, Energie en Raffinaderijen",Nieuwegein,5.08426,52.02579,28046
RWZI Amsterdam-West,"Afval, riolering, waterzuivering",Amsterdam,4.78716,52.39853,27718
FrieslandCampina Butter (Noordwijk),"Industrie, Energie en Raffinaderijen",Noordwijk,6.25749,53.17090,26681
Fokker Aerostructures BV,"Industrie, Energie en Raffinaderijen",Papendrecht,4.67991,51.82511,26167
Euro Support Advanced Materials B.V.,"Industrie, Energie en Raffinaderijen",Uden,5.64674,51.65208,25359
RWZI Franeker,"Afval, riolering, waterzuivering",Franeker,5.58027,53.17750,25129
Lucite International Holland BV,"Industrie, Energie en Raffinaderijen",Botlek Rotterdam,4.25555,51.88598,24964
Schiffers Food BV,"Industrie, Energie en Raffinaderijen",Hoensbroek,5.93822,50.90378,24744
Oxea Nederland BV,Handel/Diensten/Overheid en Bouw,Amsterdam,4.80409,52.40629,24650
Gasunie (Zweekhorst),"Industrie, Energie en Raffinaderijen",Zevenaar,6.08337,51.96396,23718
AWZI De Groote Lucht (Vlaardingen),"Afval, riolering, waterzuivering",Vlaardingen,4.30309,51.89999,23064
Zeepfabriek De Klok BV,"Industrie, Energie en Raffinaderijen",Heerde,6.03217,52.39518,22503
IJ-palen,Handel/Diensten/Overheid en Bouw,IJmuiden,4.58147,52.46948,22376
Givaudan Nederland BV (Naarden),"Industrie, Energie en Raffinaderijen",Naarden,5.18242,52.29601,22341
Koninklijke VIV Buisman B.V.,"Industrie, Energie en Raffinaderijen",Zelhem,6.34979,52.00113,22322
Remat Chemie B.V.,"Afval, riolering, waterzuivering",Helmond,5.66912,51.46587,22001
Avery Dennison Materials Nederland BV,"Industrie, Energie en Raffinaderijen",Alphen aan den Rijn,4.63960,52.13006,21854
CZL Tilburg BV,"Industrie, Energie en Raffinaderijen",Tilburg,5.02934,51.58926,21747
Rouveen Kaasspecialiteiten,"Industrie, Energie en Raffinaderijen",Rouveen,6.18586,52.61971,21383
RWZI Olburgen,"Afval, riolering, waterzuivering",Olburgen,6.14522,52.04667,21035
Nedzink BV,"Industrie, Energie en Raffinaderijen",Budel Dorplein,5.59984,51.23753,20538
Enrichment Technology Company Nederland,"Industrie, Energie en Raffinaderijen",Almelo,6.68683,52.33784,20181
Scheepswerf De Schroef,"Industrie, Energie en Raffinaderijen",Sluiskil,3.82947,51.26716,19992
UMC St Radboud & Radboud Universiteit Nijmegen,Handel/Diensten/Overheid en Bouw,Nijmegen,5.86548,51.81981,19819
Riedel B.V.,"Industrie, Energie en Raffinaderijen",Ede,5.64732,52.03220,19467
Smit Draad,"Industrie, Energie en Raffinaderijen",Nijmegen,5.81017,51.84231,19302
PPG Coatings,"Industrie, Energie en Raffinaderijen",Tiel,5.41262,51.88328,19223
Intervet Schering-Plough Animal Health (De Bilt),"Industrie, Energie en Raffinaderijen",De Bilt,5.18567,52.10906,19083
TANATEX Chemicals BV,"Industrie, Energie en Raffinaderijen",Ede,5.64482,52.02861,19042
HWC Amsterdam Driehoek,"Industrie, Energie en Raffinaderijen",Amsterdam,4.83429,52.34058,18814
Scheepswerf Slob BV,"Industrie, Energie en Raffinaderijen",Papendrecht,4.72257,51.82450,18763
Arrow Terminals,Handel/Diensten/Overheid en Bouw,Nieuwdorp,3.70600,51.43900,18153
Prysmian Netherlands B.V.,"Industrie, Energie en Raffinaderijen",Delft,4.36430,51.99568,17985
Heineken Nederland BV (Den Bosch),"Industrie, Energie en Raffinaderijen",'s-Hertogenbosch,5.27871,51.70212,17286
Arkema BV Location Brummen,Handel/Diensten/Overheid en Bouw,Brummen,6.15397,52.10302,16704
Delamine BV,"Industrie, Energie en Raffinaderijen",Farmsum,6.96172,53.31367,16622
Nobian Chemicals BV (Chemie Park Delfzijl),"Industrie, Energie en Raffinaderijen",Farmsum,6.94789,53.31960,16603
FrieslandCampina Rotterdam,"Industrie, Energie en Raffinaderijen",Rotterdam,4.41596,51.93005,16246
RWZI Bergum-Suameer,"Afval, riolering, waterzuivering",Sumar,5.99602,53.18353,15655
Sonac Harlingen BV,"Industrie, Energie en Raffinaderijen",Harlingen,5.43579,53.17996,15552
Zincoat BV,"Industrie, Energie en Raffinaderijen",Veenoord,6.84439,52.72100,15032
Pernis PVC Plant,"Industrie, Energie en Raffinaderijen",Vondelingenplaat Rotterdam,4.34662,51.87605,14753
Merck Sharp & Dohme BV (De Geer),"Industrie, Energie en Raffinaderijen",Oss,5.55483,51.78227,14683
Smurfit Kappa Solid Board KM4 (Oude Pekela),"Industrie, Energie en Raffinaderijen",Oude Pekela,6.98746,53.09302,14649
RZB Holding BV,"Industrie, Energie en Raffinaderijen",Rotterdam,4.41598,51.89084,14584
FrieslandCampina Den Bosch,"Industrie, Energie en Raffinaderijen",'s-Hertogenbosch,5.32936,51.68417,14058
BRF B.V.,"Industrie, Energie en Raffinaderijen",Oosterwolde,6.30145,52.98343,13962
RWZI Waalwijk,"Afval, riolering, waterzuivering",Waalwijk,5.07178,51.71163,13812
Van Merksteijn Plastics B.V.,"Industrie, Energie en Raffinaderijen",Enschede,6.80929,52.20555,13708
Caligen Europe BV,"Industrie, Energie en Raffinaderijen",Breda,4.76862,51.60750,12770
UCO Kampen BV,"Industrie, Energie en Raffinaderijen",Kampen,5.87658,52.57435,11736
DSM Advanced Polyesters Emmen BV,"Industrie, Energie en Raffinaderijen",Emmen,6.90699,52.77500,11653
Organik Kimya BV,"Industrie, Energie en Raffinaderijen",Botlek Rotterdam,4.26707,51.87747,11540
Nuon HWC Westervoort,"Industrie, Energie en Raffinaderijen",Westervoort,5.98303,51.95685,11301
Frisia Zout,Handel/Diensten/Overheid en Bouw,Harlingen,5.42630,53.18691,10878
Ekro BV,"Industrie, Energie en Raffinaderijen",Apeldoorn,5.97299,52.17891,9915
Global Food Group BV eierverwerking,"Industrie, Energie en Raffinaderijen",Ospel,5.77461,51.29777,9375
FrieslandCampina Cheese (Balkbrug),"Industrie, Energie en Raffinaderijen",Balkbrug,6.39677,52.60229,8615
Tata Steel Nederland Tubes BV (Maastricht),"Industrie, Energie en Raffinaderijen",Maastricht,5.71401,50.88301,8517
Nuon HWC Schuytgraaf,"Industrie, Energie en Raffinaderijen",Arnhem,5.84117,51.94493,8390
Eagle Simrax BV,"Industrie, Energie en Raffinaderijen",Kerkrade,6.04178,50.88762,8128
Kemira Chemicals BV,"Industrie, Energie en Raffinaderijen",Rozenburg,4.18578,51.91910,7594
Cumapol Emmen BV,"Industrie, Energie en Raffinaderijen",Emmen,6.90699,52.77500,6980
Stegeman C.V.,"Industrie, Energie en Raffinaderijen",Wijhe,6.14221,52.39470,6432
Mirec BV,"Afval, riolering, waterzuivering",Eindhoven,5.43430,51.43699,6405
Crealis Nederland BV,"Industrie, Energie en Raffinaderijen",Bergen op Zoom,4.25655,51.50389,6287
B.V. Esbro,"Industrie, Energie en Raffinaderijen",Wehl,6.22463,51.94762,6217
Eneco HWC Nicolaas Beetsstraat,"Industrie, Energie en Raffinaderijen",Utrecht,5.11502,52.08529,5426
RWZI Nieuwe Waterweg,"Afval, riolering, waterzuivering",Hoek Van Holland,4.15324,51.96624,5421
Nedschroef Helmond BV,"Industrie, Energie en Raffinaderijen",Helmond,5.65107,51.48255,5041
Tata Steel Nederland Tubes BV (Zwijndrecht),"Industrie, Energie en Raffinaderijen",Zwijndrecht,4.62431,51.80556,4677
W.F.G.M. van Gemert,Handel/Diensten/Overheid en Bouw,Ospel,5.76401,51.30082,4628
Exploitatiemaatschappij J. ter Horst BV,Handel/Diensten/Overheid en Bouw,Varsseveld,6.47179,51.93866,4559
Uniper HWC Delftsevaart,"Industrie, Energie en Raffinaderijen",Rotterdam,4.48361,51.92169,4539
Dunlop Conveyor Belting,"Industrie, Energie en Raffinaderijen",Drachten,6.09094,53.10714,4517
Yara Vlaardingen BV,"Industrie, Energie en Raffinaderijen",Vlaardingen,4.32565,51.89878,4423
RWZI Eindhoven,"Afval, riolering, waterzuivering",Eindhoven,5.50582,51.46011,4401
HAK,"Industrie, Energie en Raffinaderijen",Giessen,5.02999,51.79281,4296
Delfluent Services BV,"Afval, riolering, waterzuivering",Den Haag,4.26655,52.08857,4236
Veka BV,"Industrie, Energie en Raffinaderijen",Werkendam,4.88076,51.80802,3992
Covestro B.V.,"Industrie, Energie en Raffinaderijen",Foxhol,6.71143,53.17362,3979
KBM Master Alloys BV (Oss),"Industrie, Energie en Raffinaderijen",Oss,5.54922,51.78340,3865
Quaker Chemical BV,"Industrie, Energie en Raffinaderijen",Uithoorn,4.83235,52.23791,3850
RWZI Sleeuwijk,"Afval, riolering, waterzuivering",Sleeuwijk,4.92922,51.81543,3745
Scheepswerf L.J. Boer Sliedrecht BV,"Industrie, Energie en Raffinaderijen",Sliedrecht,4.76558,51.81926,3636
Reomas B.V.,"Industrie, Energie en Raffinaderijen",Zutphen,6.19577,52.15570,3380
Breko,"Industrie, Energie en Raffinaderijen",Papendrecht,4.72257,51.82455,3343
Gasunie (Alphen en Riel),"Industrie, Energie en Raffinaderijen",Alphen,4.96801,51.51265,3179
Koster Keunen (Holland) B.V.,"Industrie, Energie en Raffinaderijen",Bladel,5.20555,51.35902,3093
Holonite BV (Tholen),"Industrie, Energie en Raffinaderijen",Tholen,4.22877,51.54413,2900
Exportslachterij Clazing BV,"Industrie, Energie en Raffinaderijen",Zevenhuizen,4.60335,51.99769,2786
Technoplating Nijkerk BV,"Industrie, Energie en Raffinaderijen",Nijkerk,5.48264,52.23225,2776
M&R Claushuis BV,Handel/Diensten/Overheid en Bouw,Zeewolde,5.50502,52.35741,2774
AHC Benelux B.V.,"Industrie, Energie en Raffinaderijen",Eindhoven,5.43437,51.43430,2713
Kisuma Chemicals BV,"Industrie, Energie en Raffinaderijen",Veendam,6.89329,53.11372,2618
RWZI Vriezenveen,"Afval, riolering, waterzuivering",Vriezenveen,6.63200,52.40837,2523
Eneco HWC Overvecht (Esmoreit),"Industrie, Energie en Raffinaderijen",Utrecht,5.10762,52.11354,2429
Ardagh Metal Beverage Netherlands BV,"Industrie, Energie en Raffinaderijen",Oss,5.54510,51.76588,1997
Main B.V. (Jan van Riebeeckhavenweg),"Afval, riolering, waterzuivering",Amsterdam,4.85386,52.40746,1897
Hunter Douglas Europe BV,"Industrie, Energie en Raffinaderijen",Rotterdam,4.51305,51.90951,1821
RWZI Oijen,"Afval, riolering, waterzuivering",Oijen,5.48823,51.81196,1794
Hartog Containers B.V.,Handel/Diensten/Overheid en Bouw,Amersfoort,5.34945,52.17165,1793
Oiltanking Terneuzen BV,Handel/Diensten/Overheid en Bouw,Hoek,3.75173,51.34378,1792
RWZI Enschede West,"Afval, riolering, waterzuivering",Enschede,6.84064,52.23412,1733
RWZI Wervershoof,"Afval, riolering, waterzuivering",Wervershoof,5.13553,52.73280,1660
RWZI Aarle-Rixtel,"Afval, riolering, waterzuivering",Aarle Rixtel,5.66299,51.50599,1653
RWZI Amsterdam-Westpoort,"Afval, riolering, waterzuivering",Amsterdam,4.80223,52.41321,1620
Morssinkhof Plastics Emmen BV,"Afval, riolering, waterzuivering",Emmen,6.90699,52.77500,1603
Nuon HWC (Almere),"Industrie, Energie en Raffinaderijen",Almere,5.21462,52.38796,1565
Amcor Tobacco Packaging Brabant BV,"Industrie, Energie en Raffinaderijen",Bergen op Zoom,4.27536,51.50507,1498
RWZI Utrecht,"Afval, riolering, waterzuivering",Utrecht,5.10796,52.10989,1487
RWZI Hoensbroek,"Afval, riolering, waterzuivering",Hoensbroek,5.91497,50.91254,1428
RWZI Geestmerambacht,"Afval, riolering, waterzuivering",Warmenhuizen,4.73719,52.69444,1426
Uniper HWC Blekerstraat,"Industrie, Energie en Raffinaderijen",Rotterdam,4.48092,51.91586,1409
Van der Velden Rioleringsbeheer Buren B.V.,"Afval, riolering, waterzuivering",Schalkwijk,5.18438,52.00467,1258
RWZI Dinther,"Afval, riolering, waterzuivering",Heeswijk-Dinther,5.52944,51.63681,1244
RWZI Zwaanshoek,"Afval, riolering, waterzuivering",Zwaanshoek,4.60688,52.30338,1241
RWZI Dordrecht,"Afval, riolering, waterzuivering",Dordrecht,4.73683,51.81649,1210
MRC Plating Products B.V.,Handel/Diensten/Overheid en Bouw,Zeewolde,5.50384,52.35666,1209
RWZI Zuidoostbeemster,"Afval, riolering, waterzuivering",Zuidoostbeemster,4.91575,52.51913,1196
RWZI Katwijk,"Afval, riolering, waterzuivering",Katwijk Aan Zee,4.44016,52.20252,1115
Van de Werken Hardchroomindustrie B.V.,"Industrie, Energie en Raffinaderijen",Tilburg,5.05363,51.59261,1069
RWZI Zwijndrecht,"Afval, riolering, waterzuivering",Zwijndrecht,4.58050,51.81312,1030
AWZI Almere,"Afval, riolering, waterzuivering",Almere,5.24615,52.39955,955
RWZI Bommelerwaard,"Afval, riolering, waterzuivering",Zaltbommel,5.26667,51.81548,892
Verzinkerij West Brabant BV,"Industrie, Energie en Raffinaderijen",Oudenbosch,4.55527,51.59117,890
RWZI Zutphen,"Afval, riolering, waterzuivering",Zutphen,6.19269,52.15984,878
RWZI Echten,"Afval, riolering, waterzuivering",Hoogeveen,6.41587,52.71017,843
RWZI Capelle-Groenedijk,"Afval, riolering, waterzuivering",Capelle aan den IJssel,4.60209,51.92875,839
RWZI Zwanenburg,"Afval, riolering, waterzuivering",Zwanenburg,4.73974,52.36159,782
RWZI Kortenoord,"Afval, riolering, waterzuivering",Nieuwerkerk aan de IJssel,4.63044,51.97208,709
AWZI Lelystad,"Afval, riolering, waterzuivering",Lelystad,5.49913,52.50294,709
Draka Interfoam BV,"Industrie, Energie en Raffinaderijen",Hillegom,4.57660,52.29386,696
WKC Enschede,"Industrie, Energie en Raffinaderijen",Enschede,6.82795,52.21402,688
Slibverwerking Nuenen,"Afval, riolering, waterzuivering",Nuenen,5.57131,51.44225,683
CPC Metal Treatment BV,"Industrie, Energie en Raffinaderijen",Coevorden,6.72166,52.66434,680
RWZI Ridderkerk,"Afval, riolering, waterzuivering",Ridderkerk,4.62049,51.87314,677
SVI Heerenveen-Noord,"Afval, riolering, waterzuivering",Heerenveen,5.89479,52.97013,662
RWZI Hellevoetsluis,"Afval, riolering, waterzuivering",Hellevoetsluis,4.17579,51.84283,659
AWZI Spijkenisse-Allemanspolder,"Afval, riolering, waterzuivering",Spijkenisse,4.36417,51.84152,657
RWZI Leidsche Rijn,"Afval, riolering, waterzuivering",Utrecht,5.03856,52.11281,642
Performance Materials Netherlands B.V. (Dow),"Industrie, Energie en Raffinaderijen",Dordrecht,4.72325,51.81635,630
RWZI Kaffeberg,"Afval, riolering, waterzuivering",Kerkrade,6.04936,50.88320,630
"Hexion UK Limited, Dutch Branch","Industrie, Energie en Raffinaderijen",Botlek Rotterdam,4.26535,51.87635,630
RWZI Kampen,"Afval, riolering, waterzuivering",Kampen,5.87698,52.57658,607
RWZI Gouda,"Afval, riolering, waterzuivering",Gouda,4.71325,52.00242,603
Slibontwateringsinstallatie / RWZI Heerenveen,"Afval, riolering, waterzuivering",Heerenveen,5.89434,52.96947,587
Koninklijke Eru Kaasfabriek BV,"Industrie, Energie en Raffinaderijen",Woerden,4.90919,52.07655,578
EPS B.V.,"Industrie, Energie en Raffinaderijen",Hendrik-Ido-Ambacht,4.65138,51.84907,549
Compaxo Vlees Zevenaar BV,"Industrie, Energie en Raffinaderijen",Zevenaar,6.09098,51.93465,539
RWZI Schelluinen,"Afval, riolering, waterzuivering",Schelluinen,4.93543,51.84369,538
RWZI Haarlo,"Afval, riolering, waterzuivering",Haarlo,6.59325,52.11844,529
RWZI Hapert,"Afval, riolering, waterzuivering",Hapert,5.24070,51.37759,521
RWZI Meppel,"Afval, riolering, waterzuivering",Meppel,6.19364,52.70966,520
RWZI Sint Oedenrode,"Afval, riolering, waterzuivering",Sint-Oedenrode,5.44489,51.56103,507
RWZI Hardenberg,"Afval, riolering, waterzuivering",Bergentheim,6.60933,52.54109,506
Merck Sharp & Dohme BV (Moleneind),"Industrie, Energie en Raffinaderijen",Oss,5.53038,51.76284,506
RWZI Maastricht-Bosscherveld,"Afval, riolering, waterzuivering",Maastricht,5.68251,50.86434,496
RWZI Eelde,"Afval, riolering, waterzuivering",Eelde,6.60370,53.12806,494
RWZI Soest,"Afval, riolering, waterzuivering",Soest,5.29841,52.19343,490
RWZI Rotterdam-Hoogvliet,"Afval, riolering, waterzuivering",Hoogvliet Rotterdam,4.33481,51.87424,487
RWZI Reeuwijk-Randenburg,"Afval, riolering, waterzuivering",Waddinxveen,4.66256,52.05587,471
Keizersberg Diervoeders Elsendorp B.V. (Milheeze),Landbouw,Milheeze,5.80254,51.50997,452
RWZI Alphen Kerk en Zanen,"Afval, riolering, waterzuivering",Alphen aan den Rijn,4.62667,52.12786,445
RWZI Winterswijk,"Afval, riolering, waterzuivering",Winterswijk,6.70677,51.98692,445
RWZI Almelo-Sumpel,"Afval, riolering, waterzuivering",Almelo,6.62277,52.34106,444
RWZI Zeist,"Afval, riolering, waterzuivering",Zeist,5.21151,52.08718,441
RWZI De Groote Zaag,"Afval, riolering, waterzuivering",Krimpen aan de Lek,4.59683,51.89725,433
RWZI Hilversum,"Afval, riolering, waterzuivering",Hilversum,5.20379,52.22428,430
RWZI Geldermalsen,"Afval, riolering, waterzuivering",Geldermalsen,5.27536,51.88707,426
RWZI Oud Beijerland,"Afval, riolering, waterzuivering",Oud Beijerland,4.42965,51.82769,422
RWZI Asten,"Afval, riolering, waterzuivering",Vinkel,5.74352,51.39241,414
RWZI Noordwijk,"Afval, riolering, waterzuivering",Noordwijk,4.44766,52.22154,413
RWZI Sneek,"Afval, riolering, waterzuivering",Sneek,5.64205,53.02305,412
RWZI Nijkerk,"Afval, riolering, waterzuivering",Nijkerk,5.47382,52.23174,411
RWZI Culemborg,"Afval, riolering, waterzuivering",Culemborg,5.23643,51.93943,411
RWZI Rijen,"Afval, riolering, waterzuivering",Rijen,4.92240,51.60341,407
RWZI Oldenzaal,"Afval, riolering, waterzuivering",Oldenzaal,6.89322,52.31006,402
RWZI De Ronde Venen,"Afval, riolering, waterzuivering",Mijdrecht,4.88389,52.21162,401
RWZI Haarlem-Schalkwijk,"Afval, riolering, waterzuivering",Haarlem,4.66773,52.36869,398
RWZI Woerden,"Afval, riolering, waterzuivering",Woerden,4.85094,52.08507,397
RWZI De Bilt,"Afval, riolering, waterzuivering",De Bilt,5.17435,52.11936,390
RWZI Alphen aan den Rijn-Noord,"Afval, riolering, waterzuivering",Alphen aan den Rijn,4.67497,52.13752,384
RWZI Papendrecht,"Afval, riolering, waterzuivering",Papendrecht,4.70253,51.82601,369
RWZI Heugem,"Afval, riolering, waterzuivering",Gronsveld,5.71516,50.81688,364
RWZI Vinkel,"Afval, riolering, waterzuivering",Vinkel,5.44677,51.70143,361
RWZI Gennep,"Afval, riolering, waterzuivering",Gennep,5.96403,51.70522,357
RWZI Uithoorn,"Afval, riolering, waterzuivering",Uithoorn,4.83194,52.23978,346
RWZI Nijverdal,"Afval, riolering, waterzuivering",Nijverdal,6.47523,52.36857,340
RWZI Hattem,"Afval, riolering, waterzuivering",Hattem,6.04085,52.48501,336
RWZI Heel en Panheel,"Afval, riolering, waterzuivering",Heel,5.87907,51.17169,335
RWZI Delfzijl,"Afval, riolering, waterzuivering",Farmsum,6.95193,53.30697,334
RWZI Dedemsvaart (Woudbloemweg),"Afval, riolering, waterzuivering",Dedemsvaart,6.47401,52.61008,333
RWZI Vianen,"Afval, riolering, waterzuivering",Vianen,5.09862,51.99880,332
RWZI Bodegraven,"Afval, riolering, waterzuivering",Bodegraven,4.73506,52.08241,332
RWZI Houten,"Afval, riolering, waterzuivering",Houten,5.13101,52.02784,326
RWZI Oisterwijk,"Afval, riolering, waterzuivering",Haaren,5.22415,51.58700,322
RWZI Druten,"Afval, riolering, waterzuivering",Druten,5.59143,51.89248,316
RWZI Katwoude,"Afval, riolering, waterzuivering",Katwoude,5.03096,52.48269,313
RWZI Huizen,"Afval, riolering, waterzuivering",Huizen,5.24089,52.31023,306
RWZI Coevorden,"Afval, riolering, waterzuivering",Coevorden,6.71778,52.64294,305
RWZI De Stolpen,"Afval, riolering, waterzuivering",Schagerbrug,4.73617,52.80767,303
RWZI Dodewaard,"Afval, riolering, waterzuivering",Dodewaard,5.63432,51.92032,299
RWZI Dokkum,"Afval, riolering, waterzuivering",Dokkum,6.02049,53.32178,291
RWZI Hoogezand,"Afval, riolering, waterzuivering",Sappemeer,6.77351,53.17077,290
RWZI Alblasserdam,"Afval, riolering, waterzuivering",Alblasserdam,4.67313,51.85010,284
RWZI Stadskanaal,"Afval, riolering, waterzuivering",Alteveer,6.95622,53.01213,284
RWZI Kaatsheuvel,"Afval, riolering, waterzuivering",Kaatsheuvel,4.99702,51.65567,283
Nedri Spanstaal BV,"Industrie, Energie en Raffinaderijen",Venlo,6.14179,51.38287,282
RWZI Gelkenes,"Afval, riolering, waterzuivering",Groot-Ammers,4.85806,51.93549,282
RWZI Goor,"Afval, riolering, waterzuivering",Goor,6.57315,52.24691,280
RWZI Driebergen,"Afval, riolering, waterzuivering",Driebergen,5.25996,52.04612,277
RWZI Almelo Vissedijk,"Afval, riolering, waterzuivering",Almelo,6.64990,52.36594,275
RWZI De Meern,"Afval, riolering, waterzuivering",Utrecht,5.00186,52.08983,274
RWZI Bolsward,"Afval, riolering, waterzuivering",Bolsward,5.52298,53.07357,272
RWZI Rhenen,"Afval, riolering, waterzuivering",Rhenen,5.53128,51.97353,272
RWZI Harlingen,"Afval, riolering, waterzuivering",Harlingen,5.45428,53.17240,264
RWZI Woudenberg,"Afval, riolering, waterzuivering",Woudenberg,5.44703,52.08865,264
Smit & Zoon BV,"Industrie, Energie en Raffinaderijen",Amersfoort,5.35358,52.17331,261
RWZI Beilen,"Afval, riolering, waterzuivering",Beilen,6.49339,52.86004,259
RWZI Sliedrecht,"Afval, riolering, waterzuivering",Sliedrecht,4.79966,51.83013,258
RWZI Hilvarenbeek,"Afval, riolering, waterzuivering",Biesthoutakker,5.17261,51.50062,255
RWZI Rimburg,"Afval, riolering, waterzuivering",Landgraaf,6.09111,50.91891,255
Exploitatiemaatschappij J. ter Horst BV,Handel/Diensten/Overheid en Bouw,Goor,6.58879,52.24735,254
RWZI Brummen,"Afval, riolering, waterzuivering",Brummen,6.18556,52.09296,254
Eneco (Kanaalweg),"Industrie, Energie en Raffinaderijen",Utrecht,5.10762,52.07882,254
RWZI Barendrecht,"Afval, riolering, waterzuivering",Barendrecht,4.51720,51.83935,253
RWZI Leek,"Afval, riolering, waterzuivering",Leek,6.36899,53.15190,248
RWZI Raalte,"Afval, riolering, waterzuivering",Raalte,6.26363,52.39567,248
RWZI Epe,"Afval, riolering, waterzuivering",Epe,5.99915,52.34413,247
RWZI Ursem,"Afval, riolering, waterzuivering",Ursem,4.88779,52.63511,247
RWZI Gieten,"Afval, riolering, waterzuivering",Gieten,6.77303,53.01530,245
RWZI Kootstertille,"Afval, riolering, waterzuivering",Kootstertille,6.11638,53.22419,245
RWZI Breukelen,"Afval, riolering, waterzuivering",Breukelen,4.99404,52.16440,245
RWZI Rijssen,"Afval, riolering, waterzuivering",Rijssen,6.52974,52.31862,245
Compaxo Fijne Vleeswaren BV,"Industrie, Energie en Raffinaderijen",Gouda,4.70149,51.99952,244
RWZI Haaksbergen,"Afval, riolering, waterzuivering",Haaksbergen,6.71547,52.17648,242
Linde Gas Benelux BV,"Industrie, Energie en Raffinaderijen",Dieren,6.10909,52.05326,242
RWZI Lisse,"Afval, riolering, waterzuivering",Lisse,4.56137,52.24576,238
RWZI Wolvega,"Afval, riolering, waterzuivering",Wolvega,5.98890,52.88612,235
RWZI Stein,"Afval, riolering, waterzuivering",Stein,5.75168,50.97441,234
RWZI Breedeweg,"Afval, riolering, waterzuivering",Groesbeek,5.95211,51.75866,233
RWZI Steenwijk,"Afval, riolering, waterzuivering",Steenwijk,6.10016,52.78485,227
RWZI Heemstede,"Afval, riolering, waterzuivering",Heemstede,4.63733,52.34334,220
RWZI Waarde,"Afval, riolering, waterzuivering",Waarde,4.05421,51.42849,219
RWZI Gooiergracht,"Afval, riolering, waterzuivering",Blaricum,5.25074,52.26453,217
RWZI Genemuiden,"Afval, riolering, waterzuivering",Genemuiden,6.06318,52.60519,216
RWZI Foxhol,"Afval, riolering, waterzuivering",Foxhol,6.70906,53.16610,214
RWZI Varsseveld,"Afval, riolering, waterzuivering",Varsseveld,6.45790,51.95436,213
RWZI Oosterwolde,"Afval, riolering, waterzuivering",Oosterwolde,6.27926,52.99034,212
RWZI Vroomshoop,"Afval, riolering, waterzuivering",Vroomshoop,6.56542,52.44681,212
RWZI Sleen,"Afval, riolering, waterzuivering",Sleen,6.79244,52.76302,210
RWZI Weesp,"Afval, riolering, waterzuivering",Weesp,5.02033,52.31846,209
RWZI Birdaard,"Afval, riolering, waterzuivering",Birdaard,5.88345,53.29764,207
RWZI Zeewolde,"Afval, riolering, waterzuivering",Zeewolde,5.50758,52.36003,206
RWZI Bunnik,"Afval, riolering, waterzuivering",Bunnik,5.21950,52.06338,206
RWZI Nieuwveen,"Afval, riolering, waterzuivering",Nieuwveen,4.75840,52.18765,206
RWZI Wijk bij Duurstede,"Afval, riolering, waterzuivering",Wijk bij Duurstede,5.30852,51.97217,203
RWZI Dieverbrug,"Afval, riolering, waterzuivering",Dieverbrug,6.33270,52.84524,202
RWZI Nieuwe Wetering,"Afval, riolering, waterzuivering",Nieuwe Wetering,4.60145,52.21458,196
AWZI Middelharnis,"Afval, riolering, waterzuivering",Middelharnis,4.17892,51.76875,193
RWZI Terwolde,"Afval, riolering, waterzuivering",Terwolde,6.12397,52.26073,192
Reststoffen Bewerkingsinstallatie,"Industrie, Energie en Raffinaderijen",Farmsum,6.96859,53.29316,189
Bel Leerdammer BV (Schoonrewoerd),"Industrie, Energie en Raffinaderijen",Schoonrewoerd,5.11755,51.92207,187
RWZI Numansdorp,"Afval, riolering, waterzuivering",Numansdorp,4.42134,51.72609,187
RWZI Ootmarsum,"Afval, riolering, waterzuivering",Tilligte,6.93200,52.41293,186
RWZI Gendt,"Afval, riolering, waterzuivering",Gendt,5.94489,51.87234,185
RWZI Dalfsen,"Afval, riolering, waterzuivering",Dalfsen,6.23713,52.50983,185
RWZI Lichtenvoorde,"Afval, riolering, waterzuivering",Lichtenvoorde,6.56124,51.99820,182
RWZI Damwoude,"Afval, riolering, waterzuivering",Walterswald,6.03271,53.27635,178
RWZI Aalten,"Afval, riolering, waterzuivering",Aalten,6.57174,51.91281,169
RWZI Gorredijk,"Afval, riolering, waterzuivering",Gorredijk,6.05617,53.00977,168
RWZI Uithuizermeeden,"Afval, riolering, waterzuivering",Oosternieland,6.73854,53.40841,164
RWZI Losser,"Afval, riolering, waterzuivering",Losser,7.01315,52.26082,162
RWZI Westerschouwen,"Afval, riolering, waterzuivering",Burgh-Haamstede,3.76302,51.69001,161
RWZI Maarheeze,"Afval, riolering, waterzuivering",Soerendonk,5.59194,51.31178,159
RWZI Leerdam,"Afval, riolering, waterzuivering",Leerdam,5.06761,51.89229,159
RWZI Oostvoorne,"Afval, riolering, waterzuivering",Oostvoorne,4.11727,51.91699,157
Van Vliet Groep Milieu Dienstverleners BV,"Afval, riolering, waterzuivering",Nieuwegein,5.11235,52.04742,157
RWZI Kerkwerve,"Afval, riolering, waterzuivering",Kerkwerve,3.87250,51.67843,156
RWZI St. Maartensdijk-Scherpenisse,"Afval, riolering, waterzuivering",Sint-Maartensdijk,4.07471,51.55502,156
RWZI Workum,"Afval, riolering, waterzuivering",Workum,5.45122,52.97209,151
RWZI Heerde,"Afval, riolering, waterzuivering",Heerde,6.05392,52.39122,151
RWZI Goedereede,"Afval, riolering, waterzuivering",Goedereede,3.99610,51.82425,144
RWZI Bennekom,"Afval, riolering, waterzuivering",Bennekom,5.65709,51.99712,142
RWZI Winsum,"Afval, riolering, waterzuivering",Winsum,6.50326,53.33360,142
RWZI Grouw,"Afval, riolering, waterzuivering",Grou,5.81711,53.09264,140
RWZI Everstekoog,"Afval, riolering, waterzuivering",Everstekoog,4.77541,53.07658,140
Rogal BV,"Industrie, Energie en Raffinaderijen",Enschede,6.85755,52.22308,138
RWZI Tubbergen,"Afval, riolering, waterzuivering",Tubbergen,6.76579,52.40959,137
RWZI Hessenpoort,"Afval, riolering, waterzuivering",Zwolle,6.16384,52.53039,134
RWZI Strijen,"Afval, riolering, waterzuivering",Strijen,4.56185,51.74510,130
RWZI Hulst,"Afval, riolering, waterzuivering",Clinge,4.07575,51.27950,130
RWZI Ter Apel,"Afval, riolering, waterzuivering",Ter Apel,7.09706,52.87988,129
RWZI Breskens,"Afval, riolering, waterzuivering",Breskens,3.58565,51.38533,128
RWZI Onderdendam,"Afval, riolering, waterzuivering",Onderdendam,6.59321,53.32650,125
RWZI Joure,"Afval, riolering, waterzuivering",Broek,5.76196,52.97255,123
RWZI Ommen,"Afval, riolering, waterzuivering",Ommen,6.40709,52.52599,122
Vrije Universiteit Amsterdam,Handel/Diensten/Overheid en Bouw,Amsterdam,4.86181,52.33475,122
RWZI Olst,"Afval, riolering, waterzuivering",Olst,6.11047,52.34924,119
RWZI Lemmer,"Afval, riolering, waterzuivering",Lemmer,5.70199,52.86116,112
RWZI Gaarkeuken,"Afval, riolering, waterzuivering",Oldekerk,6.32353,53.24791,112
RWZI Gorinchem-Oost,"Afval, riolering, waterzuivering",Dalem,5.00848,51.83998,111
RWZI Hardinxveld-De Peulen,"Afval, riolering, waterzuivering",Hardinxveld-Giessendam,4.83893,51.82223,111
RWZI Haaften,"Afval, riolering, waterzuivering",Haaften,5.22420,51.82315,100
RWZI Rozenburg,"Afval, riolering, waterzuivering",Rozenburg,4.22726,51.91756,98
RWZI Oostburg,"Afval, riolering, waterzuivering",Oostburg,3.50141,51.33890,97
RWZI Lopik,"Afval, riolering, waterzuivering",Lopik,4.95874,51.96953,96
RWZI Terschelling,"Afval, riolering, waterzuivering",West-Terschelling,5.23848,53.36828,92
RWZI Denekamp,"Afval, riolering, waterzuivering",Denekamp,7.03358,52.38467,92
De Bioderij BV,"Industrie, Energie en Raffinaderijen",Sliedrecht,4.73491,51.82469,91
T. Boer & zn.,"Industrie, Energie en Raffinaderijen",Nieuwerkerk aan den IJssel,4.61786,51.95632,91
RWZI Simpelveld,"Afval, riolering, waterzuivering",Simpelveld,5.96915,50.83239,91
RWZI St.-Jacobiparochie,"Afval, riolering, waterzuivering",Sint-Jacobiparochie,5.63888,53.27499,90
RWZI Camperlandpolder,"Afval, riolering, waterzuivering",Kamperland,3.73417,51.57282,88
RWZI Wieringen,"Afval, riolering, waterzuivering",Den Oever,5.03179,52.92844,87
RWZI Montfoort,"Afval, riolering, waterzuivering",Montfoort,4.93855,52.04210,87
Metaalindustrie Waelbers BV,"Industrie, Energie en Raffinaderijen",Ruinerwold,6.24627,52.71755,86
RWZI Mastgat,"Afval, riolering, waterzuivering",Bruinisse,4.06266,51.63265,85
RWZI Sloten,"Afval, riolering, waterzuivering",Sloten,5.63986,52.90264,84
RWZI Scheveklap,"Afval, riolering, waterzuivering",Nieuwolda,6.97485,53.26308,84
Keizersberg Diervoeders Elsendorp BV,Landbouw,Elsendorp,5.76955,51.58588,81
RWZI Retranchement,"Afval, riolering, waterzuivering",Retranchement,3.38020,51.36394,80
RWZI Zuidhorn,"Afval, riolering, waterzuivering",Zuidhorn,6.38353,53.25102,79
RWZI Ruurlo,"Afval, riolering, waterzuivering",Ruurlo,6.43939,52.08948,78
RWZI Oude Tonge,"Afval, riolering, waterzuivering",Oude Tonge,4.17973,51.68426,77
RWZI Glanerbrug,"Afval, riolering, waterzuivering",Enschede,6.97796,52.21905,77
RWZI Oude Pekela,"Afval, riolering, waterzuivering",Oude Pekela,7.02719,53.11576,73
RWZI Leimuiden,"Afval, riolering, waterzuivering",Leimuiden,4.65382,52.22014,73
RWZI Tholen,"Afval, riolering, waterzuivering",Tholen,4.23189,51.54072,73
RWZI Warns,"Afval, riolering, waterzuivering",Molkwerum,5.39612,52.88494,73
RWZI Akkrum,"Afval, riolering, waterzuivering",Akkrum,5.83453,53.04495,70
RWZI Loenen aan de Vecht,"Afval, riolering, waterzuivering",Loenen aan de Vecht,5.00669,52.22377,70
RWZI Vriescheloo,"Afval, riolering, waterzuivering",Vriescheloo,7.12802,53.06269,68
RWZI Ameland,"Afval, riolering, waterzuivering",Ballum,5.72269,53.44401,67
RWZI Oudewater,"Afval, riolering, waterzuivering",Oudewater,4.85435,52.01929,67
RWZI Halsteren,"Afval, riolering, waterzuivering",Halsteren,4.25595,51.52770,66
RWZI Waspik,"Afval, riolering, waterzuivering",Waspik,4.94162,51.70491,64
RWZI Dinxperlo,"Afval, riolering, waterzuivering",Dinxperlo,6.47006,51.85537,62
RWZI Baarle Nassau,"Afval, riolering, waterzuivering",Baarle-Nassau,4.89915,51.44857,61
RWZI Smilde,"Afval, riolering, waterzuivering",Smilde,6.45379,52.94128,59
RWZI Heino,"Afval, riolering, waterzuivering",Heino,6.20242,52.44099,59
Bel Leerdammer BV (Dalfsen),"Industrie, Energie en Raffinaderijen",Dalfsen,6.26210,52.50882,57
RWZI Marum,"Afval, riolering, waterzuivering",Marum,6.26171,53.15295,56
RWZI Tweede Exloermond,"Afval, riolering, waterzuivering",Tweede Exloermond,6.94836,52.91787,55
RWZI Heenvliet,"Afval, riolering, waterzuivering",Heenvliet,4.24885,51.86833,55
RWZI Dinteloord,"Afval, riolering, waterzuivering",Dinteloord,4.36124,51.65183,54
RWZI Bergambacht,"Afval, riolering, waterzuivering",Bergambacht,4.78804,51.94063,53
RWZI Kloosterzande,"Afval, riolering, waterzuivering",Kloosterzande,4.02423,51.37603,51
RWZI Wehe den Hoorn,"Afval, riolering, waterzuivering",Wehe-den Hoorn,6.41477,53.36758,51
RWZI Wieringermeer,"Afval, riolering, waterzuivering",Middenmeer,5.01919,52.83494,50
RWZI Vollenhove,"Afval, riolering, waterzuivering",Vollenhove,5.94855,52.67129,50
RWZI Bergharen,"Afval, riolering, waterzuivering",Bergharen,5.64305,51.84582,50
RWZI Wehl,"Afval, riolering, waterzuivering",Wehl,6.21085,51.96893,49
RWZI Asperen,"Afval, riolering, waterzuivering",Asperen,5.11056,51.88407,48
RWZI Ulrum,"Afval, riolering, waterzuivering",Ulrum,6.33773,53.35322,47
RWZI Beesd,"Afval, riolering, waterzuivering",Beesd,5.16927,51.89791,46
RWZI Schiemonnikoog,"Afval, riolering, waterzuivering",Schiermonnikoog,6.19280,53.47538,45
RWZI Hooge Zwaluwe,"Afval, riolering, waterzuivering",Lage Zwaluwe,4.71445,51.71705,44
RWZI Vlieland,"Afval, riolering, waterzuivering",Vlieland,5.07826,53.29609,43
RWZI Millingen,"Afval, riolering, waterzuivering",Millingen aan de Rijn,6.02297,51.86470,42
RWZI Riel,"Afval, riolering, waterzuivering",Riel,5.02386,51.53418,41
RWZI Dreumel,"Afval, riolering, waterzuivering",Dreumel,5.43961,51.82832,39
RWZI Piershil,"Afval, riolering, waterzuivering",Piershil,4.34631,51.79822,37
RWZI Meijel,"Afval, riolering, waterzuivering",Meijel,5.86950,51.34881,36
RWZI Ossendrecht,"Afval, riolering, waterzuivering",Ossendrecht,4.32257,51.39079,36
RWZI Zetten,"Afval, riolering, waterzuivering",Randwijk,5.71172,51.93846,35
RWZI Bellingwolde,"Afval, riolering, waterzuivering",Bellingwolde,7.17866,53.13034,35
RWZI Chaam,"Afval, riolering, waterzuivering",Chaam,4.85275,51.51218,34
RWZI Stolwijk,"Afval, riolering, waterzuivering",Stolwijk,4.76713,51.98007,33
RWZI Den Ham,"Afval, riolering, waterzuivering",Den Ham,6.47814,52.46506,30
SVI Abdissenbosch,"Afval, riolering, waterzuivering",Landgraaf,6.02862,50.92379,28
RWZI Overasselt,"Afval, riolering, waterzuivering",Overasselt,5.80070,51.75770,27
RWZI Feerwerd,"Afval, riolering, waterzuivering",Feerwerd,6.47774,53.30322,27
RWZI Willemstad,"Afval, riolering, waterzuivering",Willemstad,4.45586,51.68858,27
RWZI Oosthuizen,"Afval, riolering, waterzuivering",Oosthuizen,4.99477,52.57964,27
RWZI Haastrecht,"Afval, riolering, waterzuivering",Haastrecht,4.78430,52.00263,25
RWZI Ooltgensplaat,"Afval, riolering, waterzuivering",Ooltgensplaat,4.35714,51.67299,24
RWZI Putte,"Afval, riolering, waterzuivering",Putten,4.38778,51.36530,23
RWZI Den Bommel,"Afval, riolering, waterzuivering",Den Bommel,4.26549,51.72511,22
RWZI Maasbommel,"Afval, riolering, waterzuivering",Maasbommel,5.52212,51.82972,16
RWZI Ammerstol,"Afval, riolering, waterzuivering",Ammerstol,4.80563,51.92993,16
RWZI Vossemeer,"Afval, riolering, waterzuivering",Nieuw Vossemeer,4.22017,51.57410,15
RWZI Berkenwoude,"Afval, riolering, waterzuivering",Berkenwoude,4.70387,51.92848,10
Vecom Metal Treatment Technology BV,"Industrie, Energie en Raffinaderijen",Maassluis,4.24385,51.92239,3
Martens Havenontvangstinst. Vlissingen BV,Handel/Diensten/Overheid en Bouw,Nieuwdorp,3.71116,51.44272,1