bedrijf,longitude,latitude
Tata Steel IJmuiden BV,4.59216,52.47656
Esso Nederland BV (Raffinaderij Rotterdam),4.29626,51.87221
Shell Nederland Raffinaderij BV,4.33532,51.88014
Vliegveld Luchthaven Schiphol,4.76083,52.30833
BP Rotterdam Refinery,4.10780,51.94499
Nyrstar Budel BV,5.60056,51.23816
RWE Eemshaven Holding BV,6.85914,53.44777
Zeeland Refinery N.V.,3.72704,51.44562
Chemelot Site Permit BV,5.79632,50.98059
Dow Benelux BV (Hoek),3.78247,51.34225
Uniper Centrale Maasvlakte,4.02657,51.95907
RWE Generation NL B.V.,4.84388,51.70785
Shell Nederland Chemie BV (Moerdijk),4.56211,51.68785
YARA Sluiskil BV,3.85006,51.27764
Nuon Power Generation BV (Velsen),4.63213,52.47276
Rockwool B.V.,6.04371,51.17062
Cabot BV,4.26431,51.89142
Centrale Rotterdam,4.07205,51.94482
Ardagh Glass Dongen BV,4.99483,51.61370
Afval Energie Bedrijf (Amsterdam),4.79289,52.39975
Nedmag BV,6.89665,53.11432
AVR NV (Rijnmond),4.27639,51.89704
O-I Manufacturing Netherlands BV (Leerdam),5.08588,51.88821
Attero BV (Moerdijk),4.58161,51.68326
Ardagh Glass Moerdijk,4.59658,51.67757
O-I Manufacturing Netherlands BV (Maastricht),5.70422,50.85899
ENGIE Energie Nederland NV (Eemscentrale),6.88088,53.43662
ESD-SIC BV,6.96541,53.29720
Gunvor Petroleum Europoort B.V.,4.16573,51.93494
Nuon Power IJmond 1,4.60557,52.47489
Maxima-centrale,5.53021,52.57722
HVC (Alkmaar),4.76269,52.60978
Vliegveld Eindhoven,5.37417,51.45056
Air Liquide Pergen VOF,4.36752,51.88581
Sloe Centrale BV (Vlissingen),3.69338,51.44882
Nuon Power Projects 1 BV (Eemshaven),6.85914,53.44777
Twence BV Boeldershoek,6.78419,52.23426
Cargill Benelux BV,3.80260,51.23582
Enecogen VOF,4.09409,51.95838
Eneco (Lage Weide),5.07229,52.10303
Nuon Power Generation BV (Diemen),5.02118,52.33886
RWE Generation NL B.V.,5.90717,51.15446
Vliegveld Lelystad,5.52306,52.45528
Attero Noord BV,6.51497,52.79126
Climax Molybdenum BV,4.24849,51.88280
Vliegveld Rotterdam-Airport,4.43444,51.95250
Alco Energy Rotterdam,4.18355,51.92638
Wienerberger Steenfabriek Zennewijnen,5.41769,51.86413
Electric Glass Fiber NL BV,6.68020,53.17612
AVR Afvalverwerking BV (Duiven),6.00036,51.97054
Archer Daniels Midland Europoort BV (ADM),4.12248,51.95597
Rijnmond Energie,4.35179,51.89085
SABIC Innovative Plastics BV,4.25585,51.51059
Delesto BV,6.95434,53.31883
Shell Nederland Chemie BV (Pernis),4.36503,51.88395
Almatis BV,4.23825,51.88548
Suiker Unie (Dinteloord),4.43437,51.61818
Saint Gobain Construction Products,4.60295,51.56606
Nuon Power Generation BV (Hemweg),4.84710,52.40531
Vliegveld Luchthaven Eelde,6.57806,53.12056
Recycling Kombinatie Bouw- en Sloopafval Rotterdam,4.33281,51.88865
Europees Massagoed-Overslagbedrijf (Emo) B.V.,4.04929,51.93814
SUEZ ReEnergy Roosendaal,4.44361,51.54762
RWE Generation NL B.V.,4.58079,51.68490
Vliegveld Luchthaven Maastricht,5.76944,50.91250
ARN B.V.,5.79452,51.84631
Nobian Chemicals BV (Hengelo),6.79425,52.24674
EEW Energy from Waste Delfzijl B.V.,6.98764,53.30973
Vliegveld Teuge,6.04667,52.24139
Sappi Maastricht BV,5.69424,50.85772
HVC Afvalcentrale Dordrecht,4.73767,51.81542
Bunge Netherlands BV (Soja),4.86473,52.40161
Hexion B.V.,4.34662,51.87605
Eneco Bio Golden Raand,6.98392,53.31022
Waalsteenfabriek De Bylandt BV,6.07310,51.86518
Steenfabriek Engels Helden BV,5.97185,51.33355
Gouda Refractories BV,4.68996,52.01449
Rendac Son BV,5.44625,51.50485
Reststoffen Energie Centrale (REC),5.42910,53.19046
Albemarle Catalysts Company B.V.,4.94024,52.38460
Emmtec Services BV,6.90699,52.77500
Afvalstoffen Terminal Moerdijk BV (ATM),4.59953,51.69383
Sonac Burgum BV,5.99168,53.18099
Wienerberger Steenfabriek Kijfwaard West,6.04211,51.87586
Parenco B.V.,5.72845,51.96997
Vliegveld Budel,5.60194,51.25639
Wienerberger Steenfabriek Erlecom,5.96305,51.85063
Cargill BV (Multiseed),4.76970,52.41176
Smurfit Kappa Roermond Papier BV,6.00250,51.20616
Wienerberger Steenfabriek Poriso,5.99171,50.94095
Vliegveld Hilversum,5.14722,52.19250
Cabot Norit Activated Carbon (Klazienaveen),6.99788,52.72846
Ertsoverslag Europoort,4.11389,51.96295
Vliegveld Seppe,4.55250,51.55472
Stora Enso De Hoop B.V.,6.05477,52.09756
Steenfabriek De Vlijt BV,6.69075,51.96189
Vliegveld Midden Zeeland,3.72917,51.51222
Tronox Pigments (Holland) BV,4.26948,51.89729
Steenfabriek De Rijswaard BV,5.14309,51.76888
Biomassacentrale Moerdijk,4.58161,51.68614
Aurubis Netherlands B.V.,6.20704,52.15816
Lyondell Chemie Nederland BV,4.25286,51.88203
Avebe u.a. (Gasselternijveen),6.86825,52.98899
Avebe u.a. (Ter Apelkanaal),7.04573,52.92103
Cargill BV - Cargill Cocoa (Aurora),4.81815,52.46406
Suiker Unie Vierverlaten,6.49511,53.21380
Nestle Nederland BV (Nunspeet),5.79083,52.38439
Maasstroom Energie CV,4.35214,51.88984
Air Products Nederland BV (Botlek),4.25933,51.87895
Wienerberger Dakpanfabriek Janssen-Dings,6.14974,51.34111
EBS Terminal Laurenshaven,4.27166,51.88563
Vliegveld Texel,4.83361,53.11528
EemsEnergy Terminal B.V.,6.85294,53.44467
OBA Bulkterminal Amsterdam,4.82138,52.41042
EBS Terminal Europoort II,4.12410,51.95182
Olam Cocoa BV,4.80837,52.47008
Indorama Ventures Europe BV,4.09800,51.96093
Steenfabriek De Nijverheid BV,6.30619,51.89898
E.On Generations Den Haag,4.29056,52.07592
Crown van Gelder N.V.,4.63641,52.46700
Uniper Centrale RoCa,4.56110,51.95359
FrieslandCampina Veghel (DMV International),5.52509,51.61508
Eneco Warmteproductie Utrecht B.V.,5.07916,52.10093
Umicore Nederland BV,5.71403,50.76823
DAF Trucks N.V.,5.51777,51.43154
Johnson Matthey BV,5.71759,50.87992
Rosier Nederland B.V.,3.79978,51.22119
Vliegveld Hoogeveen,6.51583,52.73083
BECC B.V.,5.85219,51.75385
Nouryon Functional Chemicals BV,6.06331,51.15683
FrieslandCampina Domo (Borculo),6.52827,52.11855
VPR Energy B.V.,4.21727,51.91027
Eurogen CV,4.25733,51.88463
DRSH Zuiveringsslib N.V.,4.74067,51.81652
E.on Locatie Leiden,4.49404,52.16398
Rodruza Steenfabriek de Zandberg,5.97019,51.85736
Tate & Lyle Netherlands BV,4.81185,52.46475
Vloertegelfabriek Koninklijke Mosa BV,5.70639,50.86158
Enecal Energy VOF,4.25414,51.88905
ESKA Graphic Board BV (Hoogezand),6.75082,53.16249
Botlek VCM Plant,4.27797,51.87111
Cabot Norit Nederland B.V.,4.82431,52.42257
Internationale Graanoverslag Maatschappij Amsterdam BV,4.86337,52.40118
Lyondell Chemie Nederland B.V.,4.01932,51.96785
Solidus Solutions (Bad Nieuweschans),7.20295,53.18220
Slibverwerking Noord-Brabant,4.58016,51.68962
Air Liquide Nederland BV,4.25625,51.88525
Theo Pouw Secundaire Bouwstoffen B.V.,6.83782,53.44140
Arkema BV (Rotterdam),4.33576,51.88986
Wienerberger Steenfabriek Kijfwaard Oost,6.05767,51.87410
Nobian Industrial Chemicals BV (Botlek),4.27863,51.87401
Agristo NV,5.01666,51.59261
Ovet Vlissingen,3.70192,51.44589
Vaassen Flexible Packaging,5.96858,52.28523
Ardagh Metal Packaging Netherlands BV,6.18325,52.24355
Ardagh Metal Packaging Netherlands BV,6.48405,52.72737
Farm Frites BV,4.16461,51.82316
PQ Silicas BV (Winschoten),7.04749,53.13897
CAN-PACK Netherlands B.V.,5.70350,51.44270
BN International BV,5.24059,52.30293
DOC Kaas (Zuivelpark),6.52183,52.71368
MGG Netherlands BV,6.13759,51.33751
Steenfabriek Gebroeders Klinkers BV,5.67534,50.87835
FrieslandCampina (Leeuwarden),5.81891,53.19822
B.V. Steenfabriek Huissenswaard,5.98454,51.91232
FUJIFILM Manufacturing Europe BV,5.01196,51.59730
Emerald Kalama Chemical Rotterdam BV,4.26066,51.88618
Sonac Vuren BV,5.09081,51.83257
Sime Darby Unimills B.V.,4.64045,51.80765
DSM Delft Permit BV,4.34557,52.01844
Cargill BV,4.26049,51.50649
PPG Industries Chemicals BV,6.98614,53.30291
Wienerberger Steenfabriek Heteren,5.74445,51.96858
Galvano Hengelo BV,6.76716,52.24789
Air Products Nederland BV (Pernis),4.28742,51.87000
Eastman Chemical Middelburg BV,3.64383,51.49457
Aspen Oss B.V. (locatie De Geer),5.55483,51.78227
Promelca B.V. (Gorinchem),4.95418,51.82810
Ennatuurlijk BV (Helmond),5.68867,51.46358
ExxonMobil Chemical Holland BV (ROP van RPI),4.18480,51.92882
Odfjell Terminals (Rotterdam) BV,4.31979,51.88038
Aviko BV,6.19082,52.06690
Van Merksteijn International BV,6.61701,52.36611
VDL Nedcar BV,5.83206,51.04244
Afrikahaven Coal Terminal BV,4.74036,52.42304
Vliegveld Ameland,5.68389,53.45278
Rodruza Steenfabriek Rossum BV,5.34009,51.79393
Chemours Netherlands BV,4.72730,51.81815
ARKEMA Vlissingen BV,3.68967,51.45227
Heineken Nederland BV (Zoeterwoude),4.54072,52.13775
FNSteel BV,4.66006,51.85877
Nannoka Vulcanus Industries BV,6.25626,51.98433
Simadan,4.81052,52.39743
Kleiwarenfabriek Joosten Kessel BV,6.01227,51.27200
McCain Foods Holland BV (Lelystad),5.52619,52.54087
Monier BV (Tegelen),6.14046,51.33733
A. Jansen B.V.,5.44562,51.50225
Nouryon Functional Chemicals BV (CMC),5.94013,51.96512
ESKA Graphic Board BV (Sappemeer),6.80613,53.16194
E-max Remelt,6.03852,50.87809
Vliegveld Oostwold,7.04111,53.20806
Dynea,6.96468,53.31670
Aspen Oss B.V. (locatie Moleneind),5.53213,51.76375
Wienerberger Steenfabriek Schipperswaard,5.47800,51.89197
Wienerberger Dakpannenfabriek Narvik Tegelen,6.15518,51.33731
Sapa Profiles NL BV (Drunen),5.15146,51.69204
KH Dairy Sourcing BV,6.83713,52.65917
RWZI Hengelo,6.77135,52.27896
GMB Slibverwerking Zutphen BV,6.19530,52.16057
Monier BV (Woerden),4.87072,52.08528
Gieterij Doesburg BV,6.13166,52.00963
Klesch Aluminium Delfzijl,6.97859,53.31256
FrieslandCampina Domo (Beilen),6.52000,52.85556
BV Steenfabriek Hedikhuizen,5.20718,51.73724
Zalco B.V.,3.70297,51.45870
Zeolyst CV,6.98716,53.30743
Wienerberger Steenfabriek Haaften,5.18996,51.81840
Wienerberger Steenfabriek Thorn,5.86133,51.15684
Everris International BV,5.99842,50.85346
Steenfabriek Engels Oeffelt BV,5.91288,51.68840
Stichting AL-terrein,5.18849,52.11815
ExxonMobil Chemical Holland BV (RPP van RPI),4.28821,51.88189
Veolia Industriediensten BV,5.94187,51.96647
GMB Slibverwerking Tiel BV,5.43424,51.91717
Synbra Technology BV,4.63660,51.62603
Green Box Computing B.V.,6.85984,53.42495
Sonneborn Refined Products BV (Amsterdam),4.82683,52.39374
Sibelco Winterswijk,6.77691,51.96711
Gasunie Vilsteren/Ommen,6.36076,52.49436
Amsterdam Coal Processing (ACP Rietlanden),4.82265,52.40999
RWZI Amersfoort,5.34862,52.17421
Gasunie (Wieringermeer),5.05019,52.75977
Wienerberger Steenfabriek Bemmel,5.91548,51.87677
Seasun BV,3.95018,51.46002
Ovet Terminal Massagoedhaven-Terneuzen,3.83451,51.31339
RWZI Tilburg-Noord,5.06821,51.60196
RWZI Garmerwolde,6.67183,53.24830
RWZI Beverwijk,4.66859,52.47422
Kleiwarenfabriek Façade Beek BV,5.78530,50.94328
Niacet B.V.,5.41582,51.88337
Wienerberger Dakpannenfabriek Narvik Deest,5.67498,51.89105
Zavin C.V.,4.73749,51.81587
Schur Flexible Benelux BV,6.39046,53.16245
Croda,4.70853,52.00491
Leo Hoogweg BV,5.87513,52.74287
RWZI Weurt-Nijmegen,5.79644,51.84849
RWZI Rotterdam-Dokhaven,4.46468,51.89604
Graniet Import Benelux BV,4.78320,52.40754
RWZI Nieuwveer,4.70793,51.63017
Ecofuels BV,6.13978,51.56049
Trespa International BV,5.65156,51.24084
RWZI Apeldoorn,5.97143,52.23869
Neste Oil Netherlands B.V.,4.04280,51.96701
Wienerberger Steenfabriek de Wolfswaard,5.65674,51.95101
Biopetrol Rotterdam BV,4.30061,51.88424
Teijin Aramid BV,6.94496,53.31740
Rademakers Gieterij BV,6.96720,52.71943
FrieslandCampina Bedum,6.59806,53.30908
Loders Croklaan B.V.,4.81012,52.48478
Exploitatiemaatschappij Phoenix BV,5.77996,52.94648
Synthos Breda B.V.,4.76153,51.61007
Smurfit Kappa Solid Board Coevorden,6.73808,52.65754
Staalstraal Brabant BV,4.85701,51.66645
Abbott Laboratories B.V.,6.07226,52.51708
Vliegveld Drachten,6.12833,53.11806
Goglio North Europe BV,4.81169,52.44412
FrieslandCampina Workum,5.45568,52.97370
Stinoil Holding B.V.,6.89185,53.09897
Diffutherm BV,5.27367,51.35811
Solvay Chemie BV,5.95747,51.16667
Keppel Verolme BV,4.29403,51.89168
"Eneco Solar, Bio & Hydro BV, WKC Ypenburg",4.37342,52.05680
BASF Nederland BV Catalysts,5.05391,52.07471
Vink Afvalverwerking BV,5.62030,52.16536
RMD BV,6.97565,53.30568
Ashland Industries Nederland B.V.,4.61945,51.80617
Wavin Diensten BV,6.62616,52.56708
PQ Silicas BV (Eijsden),5.71310,50.76989
FrieslandCampina Butter (Lochem),6.42640,52.16444
PURAC Biochem BV,4.98785,51.84350
Steenindustrie Strating BV,6.98819,53.09125
Scania Production Zwolle BV,6.06483,52.51310
RWZI Bath,4.24662,51.39942
Empyro B.V.,6.79014,52.24615
Wienerberger Steenfabriek Nuance,6.02605,51.62222
Cargill BV - Cargill Cocoa (Eenhoorn-Mol),4.79571,52.49664
Allnex Netherlands B.V.,4.26728,51.50601
Vliegveld de Kooy,4.78278,52.92250
RWZI Zwolle,6.04934,52.50872
Damen Shiprepair Rotterdam,4.37729,51.90366
Papierfabriek Doetinchem BV,6.29290,51.96024
Koninklijke Mosa BV Wandtegelfabriek,5.70602,50.85724
SCA Tissue Nederland BV,5.85786,51.75156
RWZI Susteren,5.83359,51.06257
FMC Chemicals Netherlands BV,6.96656,53.31157
Dishman Netherlands B.V.,5.55988,52.02921
Groot Zevert Vergisting,6.59765,52.07461
ICL-IP Terneuzen BV,3.83663,51.30025
Forbo Flooring BV,4.76691,52.48818
Basell Benelux BV,4.57398,51.66841
RWZI Nieuwgraaf,6.00255,51.97245
Alblasserdam Yachtbuilding B.V. (Oceanco),4.65611,51.86000
RWZI Nieuwegein,5.07054,52.00392
AWZI Kralingseveer,4.54194,51.90856
Cargill B.V.,4.28321,51.88171
Greif Nederland BV,4.21959,51.90606
Stadsverwarming Purmerend HWC1,4.96666,52.50120
Gasunie LNG,4.06742,51.94435
Lyempf Kampen BV,5.92606,52.54940
Rixona BV (Warffum),6.52601,53.39455
Dow Benelux BV (Delfzijl),6.95803,53.30959
RWZI Elburg,5.83394,52.45811
Vlisco Helmond BV,5.65565,51.47534
AWZI Tollebeek,5.68742,52.68685
Havenbedrijf de Rietlanden BV,4.86991,52.40750
RWZI Venlo,6.15814,51.38146
Unilever Nederland BV,5.53496,51.76499
RWZI Emmen,6.88136,52.73117
FrieslandCampina Kievit (Meppel),6.17409,52.69182
Solidpack BV,6.04296,52.13088
Mars Nederland BV,5.51829,51.61293
Ten Cate Protect BV afd Protective Fabrics,6.47084,52.36933
Janssen Biologics BV,4.45499,52.16720
Unipol Holland BV,5.55113,51.78266
RWZI Ede,5.62116,52.04042
Damen Shiprepair Harlingen BV,5.43008,53.18983
RWZI Haarlem-Waarderpolder,4.66875,52.39656
Steenfabriek Nievelsteen BV,6.07295,50.89295
Steenfabriek Linssen BV,6.01940,50.85388
Steenfabriek Vogelensangh BV,5.67512,51.89012
DIS BV,5.87296,51.01524
Intern. Flav. & Fragranc. I.F.F. BV,5.04768,51.58459
Ducor Petrochemicals B.V.,4.24411,51.88989
RWZI Walcheren,3.61452,51.44364
Olenex Edible Oils B.V.,4.32879,51.88553
RWZI Arnhem-Zuid,5.85477,51.96727
W A Sanders Papierfabriek Coldenhove BV,6.05559,52.09665
BYK Netherlands B.V.,6.20235,52.24185
Nouryon Functional Chemicals,6.17122,52.24065
Drukkerij Zwart,5.36623,52.16515
Huhtamaki Nederland BV,5.54172,53.18228
Abbott Healthcare Products BV,5.03445,52.30348
RWZI Roermond,5.98885,51.21930
RWZI Harderwijk,5.63110,52.35778
IOI - Loders Croklaan Oils B.V.,4.02511,51.96842
Delrin Netherlands B.V.,4.72339,51.81795
Hochwald Nederland BV,5.51146,53.06118
Componenta BV (Hoensbroek),5.94052,50.90741
Mayr-Melnhof Eerbeek BV,6.06343,52.10389
WEPA Nederland B.V.,6.03060,51.23277
Gasunie (Spijk),6.86982,53.41165
Gasunie (Ravenstein),5.66150,51.78253
RWZI Tiel,5.43222,51.91727
BASF Nederland B.V. (Nijehaske),5.88958,52.96970
Mead Johnson BV,5.80817,51.84371
KBM Master Alloys BV (Delfzijl),6.97433,53.30398
Solidus Solutions Board B.V. (Hoogkerk),6.50766,53.21353
RWZI Deventer,6.12880,52.27119
RWZI Etten,6.32051,51.93269
RWZI Horstermeer,5.08566,52.25803
RWZI Dongemond,4.85123,51.67457
Damen Schelde Naval Shipbuilding B.V. en Scheldepoort B.V,3.67179,51.46140
SACHEM Europe BV,5.26326,51.79810
Alblasserdam Yachtbuilding Construction B.V.,4.61939,51.80917
Scheepswerf K.S.G.,3.57751,51.44558
Nederlof Scheepsbouw BV,4.86146,51.70755
Wilmar Oleochemicals BV,4.25733,51.88463
RWZI Leeuwarden,5.82860,53.19504
NV Nutricia Zoetermeer,4.49505,52.04753
FrieslandCampina Cheese (Gerkesklooster),6.20050,53.23847
RWZI Zaandam-Oost,4.85824,52.43009
FrieslandCampina Cheese Marum,6.25396,53.14060
Scheepswerf Hoebee,4.68886,51.81838
PQ Silicas BV (Maastricht),5.70448,50.88178
Invista Nederland BV (Rozenburg),4.25563,51.88763
ICL Fertilizers Europe CV,4.87346,52.40545
Scania Production Meppel BV,6.17813,52.69449
DSM Resins BV,4.15303,51.96476
CONO Kaasmakers (Middenbeemster),4.87436,52.55675
Aliancys Nederland B.V.,6.86895,52.68968
Nuon WKC Almere,5.21568,52.38832
RWZI Weert,5.73656,51.26652
Grolsche Bierbrouwerij Nederland BV,6.81553,52.20671
RWZI Maastricht-Limmel,5.70276,50.87230
Schut Flexible Packaging,4.62248,51.56735
Nefit Industrial BV,6.17860,52.24375
RWZI Amstelveen,4.88954,52.31231
Offshore Ruijtenberg BV,4.86933,51.70093
Bavaria NV,5.60185,51.51456
DOC Kaas (Zuivelfabriek),6.47624,52.70831
E.on Schenkkade,4.33375,52.07636
TU Delft Warmtekrachtcentrale,4.36930,51.99977
Ennatuurlijk (Tilburg),5.01997,51.59164
FrieslandCampina Born,5.82363,51.05659
"Eneco Solar, Bio & Hydro / HWC Ypenburg",4.35941,52.04316
Afvalstoffendienst gemeente 's-Hertogenbosch,5.27738,51.73190
Standic BV,4.63353,51.78783
Gasunie (Beverwijk),4.70006,52.48784
Greenergy Biofuels Amsterdam B.V.,4.77277,52.39885
FrieslandCampina Lutjewinkel,4.88200,52.76434
RWZI Veenendaal,5.52275,52.03825
Vetsmelterij C.M. Bosland BV,5.25582,52.41246
Tata Steel Nederland Tubes BV (Oosterhout),4.88898,51.62470
Loparex BV,5.94367,52.19117
RWZI Assen,6.57467,53.00141
IHC Offshore & Marine B.V.,4.57310,51.90624
RWZI Leiden Zuid-West,4.47403,52.13648
Teijin Aramid BV (Emmen),6.90699,52.77500
RWZI Land van Cuijk,5.89348,51.69624
RWZI Scheemda,7.00811,53.16449
DSM Engineering Plastics (Emmen) BV,6.90699,52.77500
RWZI Den Helder,4.79010,52.92880
Elementis Specialties Netherlands B.V.,6.67903,52.25704
Linde Gas Benelux BV,4.60405,52.48447
RWZI Terneuzen,3.83838,51.29641
RWZI Renkum,5.72479,51.96684
Arla Foods BV,5.47855,52.23660
RWZI Willem Annapolder,3.93449,51.45009
Sonac Eindhoven BV,5.44760,51.43025
Romi Smilfood BV (Heerenveen),5.95234,52.93123
Ennatuurlijk B.V. (Eindhoven),5.45407,51.44927
Givaudan Nederland BV (Barneveld),5.57722,52.16715
Delfluent Services BV,4.31888,52.01541
DSM NeoResins B.V.,5.05425,51.69667
Remia CV,5.23821,52.13998
AFP Holland BV,5.93977,52.19084
Brabant Alucast International,5.55095,51.78380
COATEX Netherlands BV,4.58416,51.68962
RWZI Holten,6.41213,52.24330
Noblesse Proteins BV,6.50580,52.78784
RWZI Drachten,6.05984,53.11268
Groen Gas Gelderland B.V.,5.91270,51.91809
Vrumona BV,5.20055,52.06245
Invista Polyester BV,3.55149,51.48436
Scheepswerf Kooiman BV,4.61232,51.81197
Scheepswerf en machinefabriek 't Ambacht,4.65313,51.85263
Hexion VAD B.V.,4.35388,51.88340
SPGPrints,5.94265,51.63928
RWZI Leiden Noord,4.49405,52.17439
RWZI Alkmaar,4.74111,52.64234
Hyproca Dairy BV,6.42194,52.50720
RWZI Velsen,4.65971,52.45946
GDF SUEZ Centrale Bergum,6.02977,53.20955
RWZI Veendam,6.90054,53.10406
RWZI Venray,5.98862,51.55103
Inter-Che-M BV,5.73082,51.85519
UZIMET BV,4.34758,52.03405
DCC Maastricht B.V.,5.68016,50.86545
Caldic Chemie BV,4.18000,51.92840
Huntsman Holland BV,4.24920,51.88901
RWZI Boxtel,5.32801,51.60867
FrieslandCampina Cheese Steenderen,6.19691,52.05909
RWZI Wijlre,5.89661,50.82687
RWZI Dronten,5.71735,52.53669
RWZI Heiloo,4.72161,52.59460
Technoplating Lelystad B.V.,5.44542,52.49762
Energiecoöperatie Greenhouse Energy,5.91757,51.91543
Meneba Meel BV,4.48065,51.89462
Kemira Rotterdam BV,4.26606,51.89474
Celanese Emulsions BV,5.79834,50.95276
Hilton Meats Zaandam B.V.,4.80108,52.42694
Heiploeg International BV,6.30161,53.34551
FrieslandCampina Maasdam,4.54725,51.79039
Dr. W. Kolb Nederland BV,4.55917,51.67302
Ten Cate Technical Fabrics BV (PC Stamstraat),6.47903,52.35595
Trobas Gelatine BV,4.92125,51.61791
Ondergrondse aardgasopslag Zuidwending,6.93305,53.08320
AMC Academisch Medisch Centrum,4.95790,52.29501
RWZI 's-Hertogenbosch,5.28345,51.72100
Nutricia Cuijk BV,5.88796,51.72357
De Gerlien van Tiem B.V.,5.60192,51.89607
Holland Malt (Bavaria),6.82125,53.45519
Veka Shipyard Lemmer B.V.,5.71669,52.84242
Steenbakkerij Randwijk BV,5.72988,51.96583
Eneco (Nieuwegein),5.08426,52.02579
RWZI Amsterdam-West,4.78716,52.39853
FrieslandCampina Butter (Noordwijk),6.25749,53.17090
Fokker Aerostructures BV,4.67991,51.82511
Euro Support Advanced Materials B.V.,5.64674,51.65208
RWZI Franeker,5.58027,53.17750
Lucite International Holland BV,4.25555,51.88598
Schiffers Food BV,5.93822,50.90378
Oxea Nederland BV,4.80409,52.40629
Gasunie (Zweekhorst),6.08337,51.96396
AWZI De Groote Lucht (Vlaardingen),4.30309,51.89999
Zeepfabriek De Klok BV,6.03217,52.39518
IJ-palen,4.58147,52.46948
Givaudan Nederland BV (Naarden),5.18242,52.29601
Koninklijke VIV Buisman B.V.,6.34979,52.00113
Remat Chemie B.V.,5.66912,51.46587
Avery Dennison Materials Nederland BV,4.63960,52.13006
CZL Tilburg BV,5.02934,51.58926
Rouveen Kaasspecialiteiten,6.18586,52.61971
RWZI Olburgen,6.14522,52.04667
Nedzink BV,5.59984,51.23753
Enrichment Technology Company Nederland,6.68683,52.33784
Scheepswerf De Schroef,3.82947,51.26716
UMC St Radboud & Radboud Universiteit Nijmegen,5.86548,51.81981
Riedel B.V.,5.64732,52.03220
Smit Draad,5.81017,51.84231
PPG Coatings,5.41262,51.88328
Intervet Schering-Plough Animal Health (De Bilt),5.18567,52.10906
TANATEX Chemicals BV,5.64482,52.02861
HWC Amsterdam Driehoek,4.83429,52.34058
Scheepswerf Slob BV,4.72257,51.82450
Arrow Terminals,3.70600,51.43900
Prysmian Netherlands B.V.,4.36430,51.99568
Heineken Nederland BV (Den Bosch),5.27871,51.70212
Arkema BV Location Brummen,6.15397,52.10302
Delamine BV,6.96172,53.31367
Nobian Chemicals BV (Chemie Park Delfzijl),6.94789,53.31960
FrieslandCampina Rotterdam,4.41596,51.93005
RWZI Bergum-Suameer,5.99602,53.18353
Sonac Harlingen BV,5.43579,53.17996
Zincoat BV,6.84439,52.72100
Pernis PVC Plant,4.34662,51.87605
Merck Sharp & Dohme BV (De Geer),5.55483,51.78227
Smurfit Kappa Solid Board KM4 (Oude Pekela),6.98746,53.09302
RZB Holding BV,4.41598,51.89084
FrieslandCampina Den Bosch,5.32936,51.68417
BRF B.V.,6.30145,52.98343
RWZI Waalwijk,5.07178,51.71163
Van Merksteijn Plastics B.V.,6.80929,52.20555
Caligen Europe BV,4.76862,51.60750
UCO Kampen BV,5.87658,52.57435
DSM Advanced Polyesters Emmen BV,6.90699,52.77500
Organik Kimya BV,4.26707,51.87747
Nuon HWC Westervoort,5.98303,51.95685
Frisia Zout,5.42630,53.18691
Ekro BV,5.97299,52.17891
Global Food Group BV eierverwerking,5.77461,51.29777
FrieslandCampina Cheese (Balkbrug),6.39677,52.60229
Tata Steel Nederland Tubes BV (Maastricht),5.71401,50.88301
Nuon HWC Schuytgraaf,5.84117,51.94493
Eagle Simrax BV,6.04178,50.88762
Kemira Chemicals BV,4.18578,51.91910
Cumapol Emmen BV,6.90699,52.77500
Stegeman C.V.,6.14221,52.39470
Mirec BV,5.43430,51.43699
Crealis Nederland BV,4.25655,51.50389
B.V. Esbro,6.22463,51.94762
Eneco HWC Nicolaas Beetsstraat,5.11502,52.08529
RWZI Nieuwe Waterweg,4.15324,51.96624
Nedschroef Helmond BV,5.65107,51.48255
Tata Steel Nederland Tubes BV (Zwijndrecht),4.62431,51.80556
W.F.G.M. van Gemert,5.76401,51.30082
Exploitatiemaatschappij J. ter Horst BV,6.47179,51.93866
Uniper HWC Delftsevaart,4.48361,51.92169
Dunlop Conveyor Belting,6.09094,53.10714
Yara Vlaardingen BV,4.32565,51.89878
RWZI Eindhoven,5.50582,51.46011
HAK,5.02999,51.79281
Delfluent Services BV,4.26655,52.08857
Veka BV,4.88076,51.80802
Covestro B.V.,6.71143,53.17362
KBM Master Alloys BV (Oss),5.54922,51.78340
Quaker Chemical BV,4.83235,52.23791
RWZI Sleeuwijk,4.92922,51.81543
Scheepswerf L.J. Boer Sliedrecht BV,4.76558,51.81926
Reomas B.V.,6.19577,52.15570
Breko,4.72257,51.82455
Gasunie (Alphen en Riel),4.96801,51.51265
Koster Keunen (Holland) B.V.,5.20555,51.35902
Holonite BV (Tholen),4.22877,51.54413
Exportslachterij Clazing BV,4.60335,51.99769
Technoplating Nijkerk BV,5.48264,52.23225
M&R Claushuis BV,5.50502,52.35741
AHC Benelux B.V.,5.43437,51.43430
Kisuma Chemicals BV,6.89329,53.11372
RWZI Vriezenveen,6.63200,52.40837
Eneco HWC Overvecht (Esmoreit),5.10762,52.11354
Ardagh Metal Beverage Netherlands BV,5.54510,51.76588
Main B.V. (Jan van Riebeeckhavenweg),4.85386,52.40746
Hunter Douglas Europe BV,4.51305,51.90951
RWZI Oijen,5.48823,51.81196
Hartog Containers B.V.,5.34945,52.17165
Oiltanking Terneuzen BV,3.75173,51.34378
RWZI Enschede West,6.84064,52.23412
RWZI Wervershoof,5.13553,52.73280
RWZI Aarle-Rixtel,5.66299,51.50599
RWZI Amsterdam-Westpoort,4.80223,52.41321
Morssinkhof Plastics Emmen BV,6.90699,52.77500
Nuon HWC (Almere),5.21462,52.38796
Amcor Tobacco Packaging Brabant BV,4.27536,51.50507
RWZI Utrecht,5.10796,52.10989
RWZI Hoensbroek,5.91497,50.91254
RWZI Geestmerambacht,4.73719,52.69444
Uniper HWC Blekerstraat,4.48092,51.91586
Van der Velden Rioleringsbeheer Buren B.V.,5.18438,52.00467
RWZI Dinther,5.52944,51.63681
RWZI Zwaanshoek,4.60688,52.30338
RWZI Dordrecht,4.73683,51.81649
MRC Plating Products B.V.,5.50384,52.35666
RWZI Zuidoostbeemster,4.91575,52.51913
RWZI Katwijk,4.44016,52.20252
Van de Werken Hardchroomindustrie B.V.,5.05363,51.59261
RWZI Zwijndrecht,4.58050,51.81312
AWZI Almere,5.24615,52.39955
RWZI Bommelerwaard,5.26667,51.81548
Verzinkerij West Brabant BV,4.55527,51.59117
RWZI Zutphen,6.19269,52.15984
RWZI Echten,6.41587,52.71017
RWZI Capelle-Groenedijk,4.60209,51.92875
RWZI Zwanenburg,4.73974,52.36159
RWZI Kortenoord,4.63044,51.97208
AWZI Lelystad,5.49913,52.50294
Draka Interfoam BV,4.57660,52.29386
WKC Enschede,6.82795,52.21402
Slibverwerking Nuenen,5.57131,51.44225
CPC Metal Treatment BV,6.72166,52.66434
RWZI Ridderkerk,4.62049,51.87314
SVI Heerenveen-Noord,5.89479,52.97013
RWZI Hellevoetsluis,4.17579,51.84283
AWZI Spijkenisse-Allemanspolder,4.36417,51.84152
RWZI Leidsche Rijn,5.03856,52.11281
Performance Materials Netherlands B.V. (Dow),4.72325,51.81635
RWZI Kaffeberg,6.04936,50.88320
"Hexion UK Limited, Dutch Branch",4.26535,51.87635
RWZI Kampen,5.87698,52.57658
RWZI Gouda,4.71325,52.00242
Slibontwateringsinstallatie / RWZI Heerenveen,5.89434,52.96947
Koninklijke Eru Kaasfabriek BV,4.90919,52.07655
EPS B.V.,4.65138,51.84907
Compaxo Vlees Zevenaar BV,6.09098,51.93465
RWZI Schelluinen,4.93543,51.84369
RWZI Haarlo,6.59325,52.11844
RWZI Hapert,5.24070,51.37759
RWZI Meppel,6.19364,52.70966
RWZI Sint Oedenrode,5.44489,51.56103
RWZI Hardenberg,6.60933,52.54109
Merck Sharp & Dohme BV (Moleneind),5.53038,51.76284
RWZI Maastricht-Bosscherveld,5.68251,50.86434
RWZI Eelde,6.60370,53.12806
RWZI Soest,5.29841,52.19343
RWZI Rotterdam-Hoogvliet,4.33481,51.87424
RWZI Reeuwijk-Randenburg,4.66256,52.05587
Keizersberg Diervoeders Elsendorp B.V. (Milheeze),5.80254,51.50997
RWZI Alphen Kerk en Zanen,4.62667,52.12786
RWZI Winterswijk,6.70677,51.98692
RWZI Almelo-Sumpel,6.62277,52.34106
RWZI Zeist,5.21151,52.08718
RWZI De Groote Zaag,4.59683,51.89725
RWZI Hilversum,5.20379,52.22428
RWZI Geldermalsen,5.27536,51.88707
RWZI Oud Beijerland,4.42965,51.82769
RWZI Asten,5.74352,51.39241
RWZI Noordwijk,4.44766,52.22154
RWZI Sneek,5.64205,53.02305
RWZI Nijkerk,5.47382,52.23174
RWZI Culemborg,5.23643,51.93943
RWZI Rijen,4.92240,51.60341
RWZI Oldenzaal,6.89322,52.31006
RWZI De Ronde Venen,4.88389,52.21162
RWZI Haarlem-Schalkwijk,4.66773,52.36869
RWZI Woerden,4.85094,52.08507
RWZI De Bilt,5.17435,52.11936
RWZI Alphen aan den Rijn-Noord,4.67497,52.13752
RWZI Papendrecht,4.70253,51.82601
RWZI Heugem,5.71516,50.81688
RWZI Vinkel,5.44677,51.70143
RWZI Gennep,5.96403,51.70522
RWZI Uithoorn,4.83194,52.23978
RWZI Nijverdal,6.47523,52.36857
RWZI Hattem,6.04085,52.48501
RWZI Heel en Panheel,5.87907,51.17169
RWZI Delfzijl,6.95193,53.30697
RWZI Dedemsvaart (Woudbloemweg),6.47401,52.61008
RWZI Vianen,5.09862,51.99880
RWZI Bodegraven,4.73506,52.08241
RWZI Houten,5.13101,52.02784
RWZI Oisterwijk,5.22415,51.58700
RWZI Druten,5.59143,51.89248
RWZI Katwoude,5.03096,52.48269
RWZI Huizen,5.24089,52.31023
RWZI Coevorden,6.71778,52.64294
RWZI De Stolpen,4.73617,52.80767
RWZI Dodewaard,5.63432,51.92032
RWZI Dokkum,6.02049,53.32178
RWZI Hoogezand,6.77351,53.17077
RWZI Alblasserdam,4.67313,51.85010
RWZI Stadskanaal,6.95622,53.01213
RWZI Kaatsheuvel,4.99702,51.65567
Nedri Spanstaal BV,6.14179,51.38287
RWZI Gelkenes,4.85806,51.93549
RWZI Goor,6.57315,52.24691
RWZI Driebergen,5.25996,52.04612
RWZI Almelo Vissedijk,6.64990,52.36594
RWZI De Meern,5.00186,52.08983
RWZI Bolsward,5.52298,53.07357
RWZI Rhenen,5.53128,51.97353
RWZI Harlingen,5.45428,53.17240
RWZI Woudenberg,5.44703,52.08865
Smit & Zoon BV,5.35358,52.17331
RWZI Beilen,6.49339,52.86004
RWZI Sliedrecht,4.79966,51.83013
RWZI Hilvarenbeek,5.17261,51.50062
RWZI Rimburg,6.09111,50.91891
Exploitatiemaatschappij J. ter Horst BV,6.58879,52.24735
RWZI Brummen,6.18556,52.09296
Eneco (Kanaalweg),5.10762,52.07882
RWZI Barendrecht,4.51720,51.83935
RWZI Leek,6.36899,53.15190
RWZI Raalte,6.26363,52.39567
RWZI Epe,5.99915,52.34413
RWZI Ursem,4.88779,52.63511
RWZI Gieten,6.77303,53.01530
RWZI Kootstertille,6.11638,53.22419
RWZI Breukelen,4.99404,52.16440
RWZI Rijssen,6.52974,52.31862
Compaxo Fijne Vleeswaren BV,4.70149,51.99952
RWZI Haaksbergen,6.71547,52.17648
Linde Gas Benelux BV,6.10909,52.05326
RWZI Lisse,4.56137,52.24576
RWZI Wolvega,5.98890,52.88612
RWZI Stein,5.75168,50.97441
RWZI Breedeweg,5.95211,51.75866
RWZI Steenwijk,6.10016,52.78485
RWZI Heemstede,4.63733,52.34334
RWZI Waarde,4.05421,51.42849
RWZI Gooiergracht,5.25074,52.26453
RWZI Genemuiden,6.06318,52.60519
RWZI Foxhol,6.70906,53.16610
RWZI Varsseveld,6.45790,51.95436
RWZI Oosterwolde,6.27926,52.99034
RWZI Vroomshoop,6.56542,52.44681
RWZI Sleen,6.79244,52.76302
RWZI Weesp,5.02033,52.31846
RWZI Birdaard,5.88345,53.29764
RWZI Zeewolde,5.50758,52.36003
RWZI Bunnik,5.21950,52.06338
RWZI Nieuwveen,4.75840,52.18765
RWZI Wijk bij Duurstede,5.30852,51.97217
RWZI Dieverbrug,6.33270,52.84524
RWZI Nieuwe Wetering,4.60145,52.21458
AWZI Middelharnis,4.17892,51.76875
RWZI Terwolde,6.12397,52.26073
Reststoffen Bewerkingsinstallatie,6.96859,53.29316
Bel Leerdammer BV (Schoonrewoerd),5.11755,51.92207
RWZI Numansdorp,4.42134,51.72609
RWZI Ootmarsum,6.93200,52.41293
RWZI Gendt,5.94489,51.87234
RWZI Dalfsen,6.23713,52.50983
RWZI Lichtenvoorde,6.56124,51.99820
RWZI Damwoude,6.03271,53.27635
RWZI Aalten,6.57174,51.91281
RWZI Gorredijk,6.05617,53.00977
RWZI Uithuizermeeden,6.73854,53.40841
RWZI Losser,7.01315,52.26082
RWZI Westerschouwen,3.76302,51.69001
RWZI Maarheeze,5.59194,51.31178
RWZI Leerdam,5.06761,51.89229
RWZI Oostvoorne,4.11727,51.91699
Van Vliet Groep Milieu Dienstverleners BV,5.11235,52.04742
RWZI Kerkwerve,3.87250,51.67843
RWZI St. Maartensdijk-Scherpenisse,4.07471,51.55502
RWZI Workum,5.45122,52.97209
RWZI Heerde,6.05392,52.39122
RWZI Goedereede,3.99610,51.82425
RWZI Bennekom,5.65709,51.99712
RWZI Winsum,6.50326,53.33360
RWZI Grouw,5.81711,53.09264
RWZI Everstekoog,4.77541,53.07658
Rogal BV,6.85755,52.22308
RWZI Tubbergen,6.76579,52.40959
RWZI Hessenpoort,6.16384,52.53039
RWZI Strijen,4.56185,51.74510
RWZI Hulst,4.07575,51.27950
RWZI Ter Apel,7.09706,52.87988
RWZI Breskens,3.58565,51.38533
RWZI Onderdendam,6.59321,53.32650
RWZI Joure,5.76196,52.97255
RWZI Ommen,6.40709,52.52599
Vrije Universiteit Amsterdam,4.86181,52.33475
RWZI Olst,6.11047,52.34924
RWZI Lemmer,5.70199,52.86116
RWZI Gaarkeuken,6.32353,53.24791
RWZI Gorinchem-Oost,5.00848,51.83998
RWZI Hardinxveld-De Peulen,4.83893,51.82223
RWZI Haaften,5.22420,51.82315
RWZI Rozenburg,4.22726,51.91756
RWZI Oostburg,3.50141,51.33890
RWZI Lopik,4.95874,51.96953
RWZI Terschelling,5.23848,53.36828
RWZI Denekamp,7.03358,52.38467
De Bioderij BV,4.73491,51.82469
T. Boer & zn.,4.61786,51.95632
RWZI Simpelveld,5.96915,50.83239
RWZI St.-Jacobiparochie,5.63888,53.27499
RWZI Camperlandpolder,3.73417,51.57282
RWZI Wieringen,5.03179,52.92844
RWZI Montfoort,4.93855,52.04210
Metaalindustrie Waelbers BV,6.24627,52.71755
RWZI Mastgat,4.06266,51.63265
RWZI Sloten,5.63986,52.90264
RWZI Scheveklap,6.97485,53.26308
Keizersberg Diervoeders Elsendorp BV,5.76955,51.58588
RWZI Retranchement,3.38020,51.36394
RWZI Zuidhorn,6.38353,53.25102
RWZI Ruurlo,6.43939,52.08948
RWZI Oude Tonge,4.17973,51.68426
RWZI Glanerbrug,6.97796,52.21905
RWZI Oude Pekela,7.02719,53.11576
RWZI Leimuiden,4.65382,52.22014
RWZI Tholen,4.23189,51.54072
RWZI Warns,5.39612,52.88494
RWZI Akkrum,5.83453,53.04495
RWZI Loenen aan de Vecht,5.00669,52.22377
RWZI Vriescheloo,7.12802,53.06269
RWZI Ameland,5.72269,53.44401
RWZI Oudewater,4.85435,52.01929
RWZI Halsteren,4.25595,51.52770
RWZI Waspik,4.94162,51.70491
RWZI Dinxperlo,6.47006,51.85537
RWZI Baarle Nassau,4.89915,51.44857
RWZI Smilde,6.45379,52.94128
RWZI Heino,6.20242,52.44099
Bel Leerdammer BV (Dalfsen),6.26210,52.50882
RWZI Marum,6.26171,53.15295
RWZI Tweede Exloermond,6.94836,52.91787
RWZI Heenvliet,4.24885,51.86833
RWZI Dinteloord,4.36124,51.65183
RWZI Bergambacht,4.78804,51.94063
RWZI Kloosterzande,4.02423,51.37603
RWZI Wehe den Hoorn,6.41477,53.36758
RWZI Wieringermeer,5.01919,52.83494
RWZI Vollenhove,5.94855,52.67129
RWZI Bergharen,5.64305,51.84582
RWZI Wehl,6.21085,51.96893
RWZI Asperen,5.11056,51.88407
RWZI Ulrum,6.33773,53.35322
RWZI Beesd,5.16927,51.89791
RWZI Schiemonnikoog,6.19280,53.47538
RWZI Hooge Zwaluwe,4.71445,51.71705
RWZI Vlieland,5.07826,53.29609
RWZI Millingen,6.02297,51.86470
RWZI Riel,5.02386,51.53418
RWZI Dreumel,5.43961,51.82832
RWZI Piershil,4.34631,51.79822
RWZI Meijel,5.86950,51.34881
RWZI Ossendrecht,4.32257,51.39079
RWZI Zetten,5.71172,51.93846
RWZI Bellingwolde,7.17866,53.13034
RWZI Chaam,4.85275,51.51218
RWZI Stolwijk,4.76713,51.98007
RWZI Den Ham,6.47814,52.46506
SVI Abdissenbosch,6.02862,50.92379
RWZI Overasselt,5.80070,51.75770
RWZI Feerwerd,6.47774,53.30322
RWZI Willemstad,4.45586,51.68858
RWZI Oosthuizen,4.99477,52.57964
RWZI Haastrecht,4.78430,52.00263
RWZI Ooltgensplaat,4.35714,51.67299
RWZI Putte,4.38778,51.36530
RWZI Den Bommel,4.26549,51.72511
RWZI Maasbommel,5.52212,51.82972
RWZI Ammerstol,4.80563,51.92993
RWZI Vossemeer,4.22017,51.57410
RWZI Berkenwoude,4.70387,51.92848
Vecom Metal Treatment Technology BV,4.24385,51.92239
Martens Havenontvangstinst. Vlissingen BV,3.71116,51.44272